accreditation_number,station_name,station_tic,scheme,country,technology_group,generation_type,output_period,certificate_count,certificate_start,certificate_end,mwh_per_certificate,issue_date,certificate_status,status_date,current_holder,company_registration_number,rego_gwh,tech,start_year_month,end_year_month,period_months
G01821BWEN,Drax Power Station (REGO),4065000.0,REGO,England,Biomass,,Mar-2023,650422,G01821BWEN0000005000010323310323GEN,G01821BWEN0000655421010323310323GEN,1.0,2023-05-15,Redeemed,2023-07-01,Drax Energy Solutions Limited (Supplier),,650.422,biomass,2023-03-01,2023-04-01,1
G01821BWEN,Drax Power Station (REGO),4065000.0,REGO,England,Biomass,,Mar-2023,500000,G01821BWEN0000655422010323310323GEN,G01821BWEN0001155421010323310323GEN,1.0,2023-05-15,Redeemed,2023-07-01,British Gas Trading Ltd,,500.0,biomass,2023-03-01,2023-04-01,1
G01187FWEN,Triton Knoll Offshore Windfarm,857250.0,REGO,England,Off-shore Wind,,01/03/2023 - 31/03/2023,17327,G01187FWEN0000296748010323310323GEN,G01187FWEN0000314074010323310323GEN,1.0,2023-05-18,Redeemed,2023-07-01,British Gas Trading Ltd,,17.327,wind,2023-03-01,2023-04-01,1
G01187FWEN,Triton Knoll Offshore Windfarm,857250.0,REGO,England,Off-shore Wind,,01/03/2023 - 31/03/2023,296748,G01187FWEN0000000000010323310323GEN,G01187FWEN0000296747010323310323GEN,1.0,2023-05-18,Redeemed,2023-07-01,British Gas Trading Ltd,,296.748,wind,2023-03-01,2023-04-01,1
G01177FWEN,Walney Extension,659000.0,REGO,England,Off-shore Wind,,01/03/2023 - 31/03/2023,10251,G01177FWEN0000230783010323310323GEN,G01177FWEN0000241033010323310323GEN,1.0,2023-04-25,Redeemed,2023-07-01,E.ON Next Energy Limited,,10.251,wind,2023-03-01,2023-04-01,1
G01177FWEN,Walney Extension,659000.0,REGO,England,Off-shore Wind,,01/03/2023 - 31/03/2023,230783,G01177FWEN0000000000010323310323GEN,G01177FWEN0000230782010323310323GEN,1.0,2023-04-25,Redeemed,2023-07-01,TotalEnergies Gas & Power Limited,,230.783,wind,2023-03-01,2023-04-01,1
G01177FWEN,Walney Extension,659000.0,REGO,England,Off-shore Wind,,01/02/2023 - 28/02/2023,13630,G01177FWEN0000208615010223280223GEN,G01177FWEN0000222244010223280223GEN,1.0,2023-03-22,Redeemed,2023-07-01,Brook Green Trading Limited,,13.63,wind,2023-02-01,2023-03-01,1
G01177FWEN,Walney Extension,659000.0,REGO,England,Off-shore Wind,,01/02/2023 - 28/02/2023,9662,G01177FWEN0000222245010223280223GEN,G01177FWEN0000231906010223280223GEN,1.0,2023-03-22,Redeemed,2023-07-01,E.ON Next Energy Limited,,9.662,wind,2023-02-01,2023-03-01,1
G01821BWEN,Drax Power Station (REGO),4065000.0,REGO,England,Biomass,,Feb-2023,80338,G01821BWEN0000746467010223280223GEN,G01821BWEN0000826804010223280223GEN,1.0,2023-04-21,Redeemed,2023-07-01,Shell Energy Retail Limited,,80.338,biomass,2023-02-01,2023-03-01,1
G01821BWEN,Drax Power Station (REGO),4065000.0,REGO,England,Biomass,,Feb-2023,641467,G01821BWEN0000005000010223280223GEN,G01821BWEN0000646466010223280223GEN,1.0,2023-04-21,Redeemed,2023-07-01,Drax Energy Solutions Limited (Supplier),,641.467,biomass,2023-02-01,2023-03-01,1
G01821BWEN,Drax Power Station (REGO),4065000.0,REGO,England,Biomass,,Feb-2023,2043,G01821BWEN0000826805010223280223GEN,G01821BWEN0000828847010223280223GEN,1.0,2023-04-21,Redeemed,2023-07-01,EDF Energy Customers Plc,,2.043,biomass,2023-02-01,2023-03-01,1
G01821BWEN,Drax Power Station (REGO),4065000.0,REGO,England,Biomass,,Feb-2023,200000,G01821BWEN0000846467010223280223GEN,G01821BWEN0001046466010223280223GEN,1.0,2023-04-21,Redeemed,2023-07-01,EDF Energy Customers Plc,,200.0,biomass,2023-02-01,2023-03-01,1
G01821BWEN,Drax Power Station (REGO),4065000.0,REGO,England,Biomass,,Feb-2023,17619,G01821BWEN0000828848010223280223GEN,G01821BWEN0000846466010223280223GEN,1.0,2023-04-21,Redeemed,2023-07-01,EDF Energy Customers Plc,,17.619,biomass,2023-02-01,2023-03-01,1
G01821BWEN,Drax Power Station (REGO),4065000.0,REGO,England,Biomass,,Feb-2023,100000,G01821BWEN0001046467010223280223GEN,G01821BWEN0001146466010223280223GEN,1.0,2023-04-21,Redeemed,2023-07-01,EDF Energy Customers Plc,,100.0,biomass,2023-02-01,2023-03-01,1
G01177FWEN,Walney Extension,659000.0,REGO,England,Off-shore Wind,,01/02/2023 - 28/02/2023,99128,G01177FWEN0000109487010223280223GEN,G01177FWEN0000208614010223280223GEN,1.0,2023-03-22,Redeemed,2023-07-01,Octopus Energy Limited,,99.128,wind,2023-02-01,2023-03-01,1
G01187FWEN,Triton Knoll Offshore Windfarm,857250.0,REGO,England,Off-shore Wind,,01/02/2023 - 28/02/2023,20000,G01187FWEN0000250672010223280223GEN,G01187FWEN0000270671010223280223GEN,1.0,2023-04-27,Redeemed,2023-07-01,British Gas Trading Ltd,,20.0,wind,2023-02-01,2023-03-01,1
G01187FWEN,Triton Knoll Offshore Windfarm,857250.0,REGO,England,Off-shore Wind,,01/02/2023 - 28/02/2023,132243,G01187FWEN0000000000010223280223GEN,G01187FWEN0000132242010223280223GEN,1.0,2023-04-27,Redeemed,2023-07-01,British Gas Trading Ltd,,132.243,wind,2023-02-01,2023-03-01,1
G01177FWEN,Walney Extension,659000.0,REGO,England,Off-shore Wind,,01/02/2023 - 28/02/2023,16487,G01177FWEN0000000000010223280223GEN,G01177FWEN0000016486010223280223GEN,1.0,2023-03-22,Redeemed,2023-07-01,SINQ POWER LIMITED,,16.487,wind,2023-02-01,2023-03-01,1
G01821BWEN,Drax Power Station (REGO),4065000.0,REGO,England,Biomass,,Feb-2023,50000,G01821BWEN0001146467010223280223GEN,G01821BWEN0001196466010223280223GEN,1.0,2023-04-21,Redeemed,2023-07-01,YÃœ ENERGY RETAIL LIMITED,,50.0,biomass,2023-02-01,2023-03-01,1
G01821BWEN,Drax Power Station (REGO),4065000.0,REGO,England,Biomass,,Jan-2023,200000,G01821BWEN0000839797010123310123GEN,G01821BWEN0001039796010123310123GEN,1.0,2023-03-28,Redeemed,2023-07-01,Hudson Energy,,200.0,biomass,2023-01-01,2023-02-01,1
G01821BWEN,Drax Power Station (REGO),4065000.0,REGO,England,Biomass,,Jan-2023,75000,G01821BWEN0000743795010123310123GEN,G01821BWEN0000818794010123310123GEN,1.0,2023-03-28,Redeemed,2023-07-01,So Energy Trading Limited,,75.0,biomass,2023-01-01,2023-02-01,1
G01821BWEN,Drax Power Station (REGO),4065000.0,REGO,England,Biomass,,Jan-2023,21002,G01821BWEN0000818795010123310123GEN,G01821BWEN0000839796010123310123GEN,1.0,2023-03-28,Redeemed,2023-07-01,Npower Commercial Gas Ltd,,21.002,biomass,2023-01-01,2023-02-01,1
G01821BWEN,Drax Power Station (REGO),4065000.0,REGO,England,Biomass,,Jan-2023,183998,G01821BWEN0000559797010123310123GEN,G01821BWEN0000743794010123310123GEN,1.0,2023-03-28,Redeemed,2023-07-01,Brook Green Trading Limited,,183.998,biomass,2023-01-01,2023-02-01,1
G01821BWEN,Drax Power Station (REGO),4065000.0,REGO,England,Biomass,,Jan-2023,33264,G01821BWEN0000005000010123310123GEN,G01821BWEN0000038263010123310123GEN,1.0,2023-03-28,Redeemed,2023-07-01,Drax Energy Solutions Limited (Supplier),,33.264,biomass,2023-01-01,2023-02-01,1
G01821BWEN,Drax Power Station (REGO),4065000.0,REGO,England,Biomass,,Jan-2023,3000,G01821BWEN0001040797010123310123GEN,G01821BWEN0001043796010123310123GEN,1.0,2023-03-28,Redeemed,2023-07-01,TotalEnergies Gas & Power Limited,,3.0,biomass,2023-01-01,2023-02-01,1
G01821BWEN,Drax Power Station (REGO),4065000.0,REGO,England,Biomass,,Jan-2023,360903,G01821BWEN0000120605010123310123GEN,G01821BWEN0000481507010123310123GEN,1.0,2023-03-28,Redeemed,2023-07-01,E.ON Next Energy Limited,,360.903,biomass,2023-01-01,2023-02-01,1
G01821BWEN,Drax Power Station (REGO),4065000.0,REGO,England,Biomass,,Jan-2023,30808,G01821BWEN0000089797010123310123GEN,G01821BWEN0000120604010123310123GEN,1.0,2023-03-28,Redeemed,2023-07-01,E.ON Next Energy Limited,,30.808,biomass,2023-01-01,2023-02-01,1
G01821BWEN,Drax Power Station (REGO),4065000.0,REGO,England,Biomass,,Jan-2023,78289,G01821BWEN0000481508010123310123GEN,G01821BWEN0000559796010123310123GEN,1.0,2023-03-28,Redeemed,2023-07-01,Npower Commercial Gas Ltd,,78.289,biomass,2023-01-01,2023-02-01,1
G01187FWEN,Triton Knoll Offshore Windfarm,857250.0,REGO,England,Off-shore Wind,,01/01/2023 - 31/01/2023,48178,G01187FWEN0000284778010123310123GEN,G01187FWEN0000332955010123310123GEN,1.0,2023-03-22,Redeemed,2023-07-01,Hudson Energy,,48.178,wind,2023-01-01,2023-02-01,1
G01187FWEN,Triton Knoll Offshore Windfarm,857250.0,REGO,England,Off-shore Wind,,01/01/2023 - 31/01/2023,100000,G01187FWEN0000102956010123310123GEN,G01187FWEN0000202955010123310123GEN,1.0,2023-03-22,Redeemed,2023-07-01,Octopus Energy Limited,,100.0,wind,2023-01-01,2023-02-01,1
G01187FWEN,Triton Knoll Offshore Windfarm,857250.0,REGO,England,Off-shore Wind,,01/01/2023 - 31/01/2023,17527,G01187FWEN0000085429010123310123GEN,G01187FWEN0000102955010123310123GEN,1.0,2023-03-22,Redeemed,2023-07-01,Octopus Energy Limited,,17.527,wind,2023-01-01,2023-02-01,1
G01187FWEN,Triton Knoll Offshore Windfarm,857250.0,REGO,England,Off-shore Wind,,01/01/2023 - 31/01/2023,3292,G01187FWEN0000082137010123310123GEN,G01187FWEN0000085428010123310123GEN,1.0,2023-03-22,Redeemed,2023-07-01,Octopus Energy Limited,,3.292,wind,2023-01-01,2023-02-01,1
G01187FWEN,Triton Knoll Offshore Windfarm,857250.0,REGO,England,Off-shore Wind,,01/01/2023 - 31/01/2023,51822,G01187FWEN0000232956010123310123GEN,G01187FWEN0000284777010123310123GEN,1.0,2023-03-22,Redeemed,2023-07-01,Shell Energy Retail Limited,,51.822,wind,2023-01-01,2023-02-01,1
G01177FWEN,Walney Extension,659000.0,REGO,England,Off-shore Wind,,01/01/2023 - 31/01/2023,5892,G01177FWEN0000290399010123310123GEN,G01177FWEN0000296290010123310123GEN,1.0,2023-02-21,Redeemed,2023-07-01,Business Power and Gas Limited,,5.892,wind,2023-01-01,2023-02-01,1
G01177FWEN,Walney Extension,659000.0,REGO,England,Off-shore Wind,,01/01/2023 - 31/01/2023,18200,G01177FWEN0000100000010123310123GEN,G01177FWEN0000118199010123310123GEN,1.0,2023-02-21,Redeemed,2023-07-01,Ovo Energy,,18.2,wind,2023-01-01,2023-02-01,1
G01177FWEN,Walney Extension,659000.0,REGO,England,Off-shore Wind,,01/01/2023 - 31/01/2023,23903,G01177FWEN0000254396010123310123GEN,G01177FWEN0000278298010123310123GEN,1.0,2023-02-21,Redeemed,2023-07-01,Npower Commercial Gas Ltd,,23.903,wind,2023-01-01,2023-02-01,1
G01177FWEN,Walney Extension,659000.0,REGO,England,Off-shore Wind,,01/01/2023 - 31/01/2023,136196,G01177FWEN0000118200010123310123GEN,G01177FWEN0000254395010123310123GEN,1.0,2023-02-21,Redeemed,2023-07-01,Brook Green Trading Limited,,136.196,wind,2023-01-01,2023-02-01,1
G01177FWEN,Walney Extension,659000.0,REGO,England,Off-shore Wind,,01/01/2023 - 31/01/2023,6208,G01177FWEN0000296291010123310123GEN,G01177FWEN0000302498010123310123GEN,1.0,2023-02-21,Redeemed,2023-07-01,Bulb Energy Ltd,,6.208,wind,2023-01-01,2023-02-01,1
G01187FWEN,Triton Knoll Offshore Windfarm,857250.0,REGO,England,Off-shore Wind,,01/01/2023 - 31/01/2023,10000,G01187FWEN0000332956010123310123GEN,G01187FWEN0000342955010123310123GEN,1.0,2023-03-22,Redeemed,2023-07-01,Bulb Energy Ltd,,10.0,wind,2023-01-01,2023-02-01,1
G01187FWEN,Triton Knoll Offshore Windfarm,857250.0,REGO,England,Off-shore Wind,,01/01/2023 - 31/01/2023,10000,G01187FWEN0000387534010123310123GEN,G01187FWEN0000397533010123310123GEN,1.0,2023-03-22,Redeemed,2023-07-01,Bulb Energy Ltd,,10.0,wind,2023-01-01,2023-02-01,1
G01187FWEN,Triton Knoll Offshore Windfarm,857250.0,REGO,England,Off-shore Wind,,01/01/2023 - 31/01/2023,10000,G01187FWEN0000342956010123310123GEN,G01187FWEN0000352955010123310123GEN,1.0,2023-03-22,Redeemed,2023-07-01,Bulb Energy Ltd,,10.0,wind,2023-01-01,2023-02-01,1
G01187FWEN,Triton Knoll Offshore Windfarm,857250.0,REGO,England,Off-shore Wind,,01/01/2023 - 31/01/2023,2956,G01187FWEN0000000000010123310123GEN,G01187FWEN0000002955010123310123GEN,1.0,2023-03-22,Redeemed,2023-07-01,British Gas Trading Ltd,,2.956,wind,2023-01-01,2023-02-01,1
G01187FWEN,Triton Knoll Offshore Windfarm,857250.0,REGO,England,Off-shore Wind,,01/01/2023 - 31/01/2023,30000,G01187FWEN0000202956010123310123GEN,G01187FWEN0000232955010123310123GEN,1.0,2023-03-22,Redeemed,2023-07-01,British Gas Trading Ltd,,30.0,wind,2023-01-01,2023-02-01,1
G01177FWEN,Walney Extension,659000.0,REGO,England,Off-shore Wind,,01/01/2023 - 31/01/2023,12100,G01177FWEN0000278299010123310123GEN,G01177FWEN0000290398010123310123GEN,1.0,2023-02-21,Redeemed,2023-07-01,E.ON Next Energy Limited,,12.1,wind,2023-01-01,2023-02-01,1
G01177FWEN,Walney Extension,659000.0,REGO,England,Off-shore Wind,,01/12/2022 - 31/12/2022,9178,G01177FWEN0000161075011222311222GEN,G01177FWEN0000170252011222311222GEN,1.0,2023-01-20,Redeemed,2023-07-01,E.ON Next Energy Limited,,9.178,wind,2022-12-01,2023-01-01,1
G01821BWEN,Drax Power Station (REGO),4065000.0,REGO,England,Biomass,,Dec-2022,1238469,G01821BWEN0000000000011222311222GEN,G01821BWEN0001238468011222311222GEN,1.0,2023-02-24,Redeemed,2023-07-01,Npower Commercial Gas Ltd,,1238.469,biomass,2022-12-01,2023-01-01,1
G01177FWEN,Walney Extension,659000.0,REGO,England,Off-shore Wind,,01/12/2022 - 31/12/2022,1551,G01177FWEN0000000000011222311222GEN,G01177FWEN0000001550011222311222GEN,1.0,2023-01-20,Redeemed,2023-07-01,E.ON Next Energy Limited,,1.551,wind,2022-12-01,2023-01-01,1
G01177FWEN,Walney Extension,659000.0,REGO,England,Off-shore Wind,,01/12/2022 - 31/12/2022,9178,G01177FWEN0000170253011222311222GEN,G01177FWEN0000179430011222311222GEN,1.0,2023-01-20,Redeemed,2023-07-01,Bulb Energy Ltd,,9.178,wind,2022-12-01,2023-01-01,1
G01187FWEN,Triton Knoll Offshore Windfarm,857250.0,REGO,England,Off-shore Wind,,01/12/2022 - 31/12/2022,272264,G01187FWEN0000000000011222311222GEN,G01187FWEN0000272263011222311222GEN,1.0,2023-02-24,Redeemed,2023-07-01,Bulb Energy Ltd,,272.264,wind,2022-12-01,2023-01-01,1
G01177FWEN,Walney Extension,659000.0,REGO,England,Off-shore Wind,,01/12/2022 - 31/12/2022,50000,G01177FWEN0000179431011222311222GEN,G01177FWEN0000229430011222311222GEN,1.0,2023-01-20,Redeemed,2023-07-01,Bulb Energy Ltd,,50.0,wind,2022-12-01,2023-01-01,1
G01187FWEN,Triton Knoll Offshore Windfarm,857250.0,REGO,England,Off-shore Wind,,01/12/2022 - 31/12/2022,10000,G01187FWEN0000272264011222311222GEN,G01187FWEN0000282263011222311222GEN,1.0,2023-02-24,Redeemed,2023-07-01,Bulb Energy Ltd,,10.0,wind,2022-12-01,2023-01-01,1
G01187FWEN,Triton Knoll Offshore Windfarm,857250.0,REGO,England,Off-shore Wind,,01/12/2022 - 31/12/2022,10000,G01187FWEN0000326764011222311222GEN,G01187FWEN0000336763011222311222GEN,1.0,2023-02-24,Redeemed,2023-07-01,Bulb Energy Ltd,,10.0,wind,2022-12-01,2023-01-01,1
G01187FWEN,Triton Knoll Offshore Windfarm,857250.0,REGO,England,Off-shore Wind,,01/12/2022 - 31/12/2022,10000,G01187FWEN0000282264011222311222GEN,G01187FWEN0000292263011222311222GEN,1.0,2023-02-24,Redeemed,2023-07-01,Bulb Energy Ltd,,10.0,wind,2022-12-01,2023-01-01,1
G01177FWEN,Walney Extension,659000.0,REGO,England,Off-shore Wind,,01/12/2022 - 31/12/2022,131524,G01177FWEN0000029551011222311222GEN,G01177FWEN0000161074011222311222GEN,1.0,2023-01-20,Redeemed,2023-07-01,EDF Energy Customers Plc,,131.524,wind,2022-12-01,2023-01-01,1
G01821BWEN,Drax Power Station (REGO),4065000.0,REGO,England,Biomass,,Nov-2022,800000,G01821BWEN0000159367011122301122GEN,G01821BWEN0000959366011122301122GEN,1.0,2023-01-23,Redeemed,2023-07-01,EDF Energy Customers Plc,,800.0,biomass,2022-11-01,2022-12-01,1
G01821BWEN,Drax Power Station (REGO),4065000.0,REGO,England,Biomass,,Nov-2022,42600,G01821BWEN0000116767011122301122GEN,G01821BWEN0000159366011122301122GEN,1.0,2023-01-23,Redeemed,2023-07-01,Corona Energy Retail 4 Ltd,,42.6,biomass,2022-11-01,2022-12-01,1
G01821BWEN,Drax Power Station (REGO),4065000.0,REGO,England,Biomass,,Nov-2022,19000,G01821BWEN0001110817011122301122GEN,G01821BWEN0001129816011122301122GEN,1.0,2023-01-23,Redeemed,2023-07-01,Brook Green Trading Limited,,19.0,biomass,2022-11-01,2022-12-01,1
G01821BWEN,Drax Power Station (REGO),4065000.0,REGO,England,Biomass,,Nov-2022,16955,G01821BWEN0000959367011122301122GEN,G01821BWEN0000976321011122301122GEN,1.0,2023-01-23,Redeemed,2023-07-01,Business Power and Gas Limited,,16.955,biomass,2022-11-01,2022-12-01,1
G01821BWEN,Drax Power Station (REGO),4065000.0,REGO,England,Biomass,,Nov-2022,43800,G01821BWEN0000000000011122301122GEN,G01821BWEN0000043799011122301122GEN,1.0,2023-01-23,Redeemed,2023-07-01,Drax Energy Solutions Limited (Supplier),,43.8,biomass,2022-11-01,2022-12-01,1
G01821BWEN,Drax Power Station (REGO),4065000.0,REGO,England,Biomass,,Nov-2022,15000,G01821BWEN0000043800011122301122GEN,G01821BWEN0000058799011122301122GEN,1.0,2023-01-23,Redeemed,2023-07-01,Corona Energy Retail 4 Ltd,,15.0,biomass,2022-11-01,2022-12-01,1
G01821BWEN,Drax Power Station (REGO),4065000.0,REGO,England,Biomass,,Nov-2022,134495,G01821BWEN0000976322011122301122GEN,G01821BWEN0001110816011122301122GEN,1.0,2023-01-23,Redeemed,2023-07-01,Shell Energy Retail Limited,,134.495,biomass,2022-11-01,2022-12-01,1
G01187FWEN,Triton Knoll Offshore Windfarm,857250.0,REGO,England,Off-shore Wind,,01/11/2022 - 30/11/2022,16662,G01187FWEN0000239062011122301122GEN,G01187FWEN0000255723011122301122GEN,1.0,2023-01-23,Redeemed,2023-07-01,E.ON Next Energy Limited,,16.662,wind,2022-11-01,2022-12-01,1
G01177FWEN,Walney Extension,659000.0,REGO,England,Off-shore Wind,,01/11/2022 - 30/11/2022,99801,G01177FWEN0000028357011122301122GEN,G01177FWEN0000128157011122301122GEN,1.0,2022-12-21,Redeemed,2023-07-01,Brook Green Trading Limited,,99.801,wind,2022-11-01,2022-12-01,1
G01177FWEN,Walney Extension,659000.0,REGO,England,Off-shore Wind,,01/11/2022 - 30/11/2022,28357,G01177FWEN0000000000011122301122GEN,G01177FWEN0000028356011122301122GEN,1.0,2022-12-21,Redeemed,2023-07-01,TotalEnergies Gas & Power Limited,,28.357,wind,2022-11-01,2022-12-01,1
G01177FWEN,Walney Extension,659000.0,REGO,England,Off-shore Wind,,01/11/2022 - 30/11/2022,3366,G01177FWEN0000152640011122301122GEN,G01177FWEN0000156005011122301122GEN,1.0,2022-12-21,Redeemed,2023-07-01,TotalEnergies Gas & Power Limited,,3.366,wind,2022-11-01,2022-12-01,1
G01177FWEN,Walney Extension,659000.0,REGO,England,Off-shore Wind,,01/11/2022 - 30/11/2022,12241,G01177FWEN0000140399011122301122GEN,G01177FWEN0000152639011122301122GEN,1.0,2022-12-21,Redeemed,2023-07-01,Bulb Energy Ltd,,12.241,wind,2022-11-01,2022-12-01,1
G01187FWEN,Triton Knoll Offshore Windfarm,857250.0,REGO,England,Off-shore Wind,,01/11/2022 - 30/11/2022,239062,G01187FWEN0000000000011122301122GEN,G01187FWEN0000239061011122301122GEN,1.0,2023-01-23,Redeemed,2023-07-01,Bulb Energy Ltd,,239.062,wind,2022-11-01,2022-12-01,1
G01187FWEN,Triton Knoll Offshore Windfarm,857250.0,REGO,England,Off-shore Wind,,01/11/2022 - 30/11/2022,10000,G01187FWEN0000255724011122301122GEN,G01187FWEN0000265723011122301122GEN,1.0,2023-01-23,Redeemed,2023-07-01,Bulb Energy Ltd,,10.0,wind,2022-11-01,2022-12-01,1
G01187FWEN,Triton Knoll Offshore Windfarm,857250.0,REGO,England,Off-shore Wind,,01/11/2022 - 30/11/2022,10000,G01187FWEN0000310224011122301122GEN,G01187FWEN0000320223011122301122GEN,1.0,2023-01-23,Redeemed,2023-07-01,Bulb Energy Ltd,,10.0,wind,2022-11-01,2022-12-01,1
G01187FWEN,Triton Knoll Offshore Windfarm,857250.0,REGO,England,Off-shore Wind,,01/11/2022 - 30/11/2022,10000,G01187FWEN0000265724011122301122GEN,G01187FWEN0000275723011122301122GEN,1.0,2023-01-23,Redeemed,2023-07-01,Bulb Energy Ltd,,10.0,wind,2022-11-01,2022-12-01,1
G01177FWEN,Walney Extension,659000.0,REGO,England,Off-shore Wind,,01/11/2022 - 30/11/2022,150000,G01177FWEN0000156006011122301122GEN,G01177FWEN0000306005011122301122GEN,1.0,2022-12-21,Redeemed,2023-07-01,Ecotricity Limited,,150.0,wind,2022-11-01,2022-12-01,1
G01177FWEN,Walney Extension,659000.0,REGO,England,Off-shore Wind,,01/11/2022 - 30/11/2022,12241,G01177FWEN0000128158011122301122GEN,G01177FWEN0000140398011122301122GEN,1.0,2022-12-21,Redeemed,2023-07-01,E.ON Next Energy Limited,,12.241,wind,2022-11-01,2022-12-01,1
G01177FWEN,Walney Extension,659000.0,REGO,England,Off-shore Wind,,01/10/2022 - 31/10/2022,12947,G01177FWEN0000100401011022311022GEN,G01177FWEN0000113347011022311022GEN,1.0,2022-11-21,Redeemed,2023-07-01,E.ON Next Energy Limited,,12.947,wind,2022-10-01,2022-11-01,1
G01177FWEN,Walney Extension,659000.0,REGO,England,Off-shore Wind,,01/10/2022 - 31/10/2022,44897,G01177FWEN0000126295011022311022GEN,G01177FWEN0000171191011022311022GEN,1.0,2022-11-21,Redeemed,2023-07-01,Ovo Energy,,44.897,wind,2022-10-01,2022-11-01,1
G01177FWEN,Walney Extension,659000.0,REGO,England,Off-shore Wind,,01/10/2022 - 31/10/2022,152500,G01177FWEN0000171192011022311022GEN,G01177FWEN0000323691011022311022GEN,1.0,2022-11-21,Redeemed,2023-07-01,Ecotricity Limited,,152.5,wind,2022-10-01,2022-11-01,1
G01177FWEN,Walney Extension,659000.0,REGO,England,Off-shore Wind,,01/10/2022 - 31/10/2022,59871,G01177FWEN0000000000011022311022GEN,G01177FWEN0000059870011022311022GEN,1.0,2022-11-21,Redeemed,2023-07-01,E.ON Next Energy Limited,,59.871,wind,2022-10-01,2022-11-01,1
G01177FWEN,Walney Extension,659000.0,REGO,England,Off-shore Wind,,01/10/2022 - 31/10/2022,12947,G01177FWEN0000113348011022311022GEN,G01177FWEN0000126294011022311022GEN,1.0,2022-11-21,Redeemed,2023-07-01,Octopus Energy Limited,,12.947,wind,2022-10-01,2022-11-01,1
G01187FWEN,Triton Knoll Offshore Windfarm,857250.0,REGO,England,Off-shore Wind,,01/10/2022 - 31/10/2022,150000,G01187FWEN0000015152011022311022GEN,G01187FWEN0000165151011022311022GEN,1.0,2022-12-16,Redeemed,2023-07-01,Octopus Energy Limited,,150.0,wind,2022-10-01,2022-11-01,1
G01187FWEN,Triton Knoll Offshore Windfarm,857250.0,REGO,England,Off-shore Wind,,01/10/2022 - 31/10/2022,721,G01187FWEN0000229431011022311022GEN,G01187FWEN0000230151011022311022GEN,1.0,2022-12-16,Redeemed,2023-07-01,Octopus Energy Limited,,0.721,wind,2022-10-01,2022-11-01,1
G01187FWEN,Triton Knoll Offshore Windfarm,857250.0,REGO,England,Off-shore Wind,,01/10/2022 - 31/10/2022,10000,G01187FWEN0000265152011022311022GEN,G01187FWEN0000275151011022311022GEN,1.0,2022-12-16,Redeemed,2023-07-01,Octopus Energy Limited,,10.0,wind,2022-10-01,2022-11-01,1
G01187FWEN,Triton Knoll Offshore Windfarm,857250.0,REGO,England,Off-shore Wind,,01/10/2022 - 31/10/2022,10000,G01187FWEN0000319652011022311022GEN,G01187FWEN0000329651011022311022GEN,1.0,2022-12-16,Redeemed,2023-07-01,Octopus Energy Limited,,10.0,wind,2022-10-01,2022-11-01,1
G01187FWEN,Triton Knoll Offshore Windfarm,857250.0,REGO,England,Off-shore Wind,,01/10/2022 - 31/10/2022,10000,G01187FWEN0000275152011022311022GEN,G01187FWEN0000285151011022311022GEN,1.0,2022-12-16,Redeemed,2023-07-01,Octopus Energy Limited,,10.0,wind,2022-10-01,2022-11-01,1
G01177FWEN,Walney Extension,659000.0,REGO,England,Off-shore Wind,,01/10/2022 - 31/10/2022,40530,G01177FWEN0000059871011022311022GEN,G01177FWEN0000100400011022311022GEN,1.0,2022-11-21,Redeemed,2023-07-01,Npower Commercial Gas Ltd,,40.53,wind,2022-10-01,2022-11-01,1
G01187FWEN,Triton Knoll Offshore Windfarm,857250.0,REGO,England,Off-shore Wind,,01/10/2022 - 31/10/2022,40000,G01187FWEN0000165152011022311022GEN,G01187FWEN0000205151011022311022GEN,1.0,2022-12-16,Redeemed,2023-07-01,Electricity Plus Supply Ltd,,40.0,wind,2022-10-01,2022-11-01,1
G01187FWEN,Triton Knoll Offshore Windfarm,857250.0,REGO,England,Off-shore Wind,,01/10/2022 - 31/10/2022,7612,G01187FWEN0000007540011022311022GEN,G01187FWEN0000015151011022311022GEN,1.0,2022-12-16,Redeemed,2023-07-01,Brook Green Trading Limited,,7.612,wind,2022-10-01,2022-11-01,1
G01187FWEN,Triton Knoll Offshore Windfarm,857250.0,REGO,England,Off-shore Wind,,01/10/2022 - 31/10/2022,17414,G01187FWEN0000205152011022311022GEN,G01187FWEN0000222565011022311022GEN,1.0,2022-12-16,Redeemed,2023-07-01,Brook Green Trading Limited,,17.414,wind,2022-10-01,2022-11-01,1
G01187FWEN,Triton Knoll Offshore Windfarm,857250.0,REGO,England,Off-shore Wind,,01/10/2022 - 31/10/2022,7540,G01187FWEN0000000000011022311022GEN,G01187FWEN0000007539011022311022GEN,1.0,2022-12-16,Redeemed,2023-07-01,E.ON Next Energy Limited,,7.54,wind,2022-10-01,2022-11-01,1
G01187FWEN,Triton Knoll Offshore Windfarm,857250.0,REGO,England,Off-shore Wind,,01/10/2022 - 31/10/2022,35000,G01187FWEN0000230152011022311022GEN,G01187FWEN0000265151011022311022GEN,1.0,2022-12-16,Redeemed,2023-07-01,Bulb Energy Ltd,,35.0,wind,2022-10-01,2022-11-01,1
G01821BWEN,Drax Power Station (REGO),4065000.0,REGO,England,Biomass,,Oct-2022,133856,G01821BWEN0000000000011022311022GEN,G01821BWEN0000133855011022311022GEN,1.0,2022-12-21,Redeemed,2023-07-01,E.ON Next Energy Limited,,133.856,biomass,2022-10-01,2022-11-01,1
G01821BWEN,Drax Power Station (REGO),4065000.0,REGO,England,Biomass,,Oct-2022,182068,G01821BWEN0000133856011022311022GEN,G01821BWEN0000315923011022311022GEN,1.0,2022-12-21,Redeemed,2023-07-01,Npower Commercial Gas Ltd,,182.068,biomass,2022-10-01,2022-11-01,1
G01821BWEN,Drax Power Station (REGO),4065000.0,REGO,England,Biomass,,Oct-2022,361000,G01821BWEN0000315924011022311022GEN,G01821BWEN0000676923011022311022GEN,1.0,2022-12-21,Redeemed,2023-07-01,ENGIE POWER LIMITED,,361.0,biomass,2022-10-01,2022-11-01,1
G01821BWEN,Drax Power Station (REGO),4065000.0,REGO,England,Biomass,,Sep-2022,23931,G01821BWEN0000000000010922300922GEN,G01821BWEN0000023930010922300922GEN,1.0,2022-11-28,Redeemed,2023-07-01,Drax Energy Solutions Limited (Supplier),,23.931,biomass,2022-09-01,2022-10-01,1
G01821BWEN,Drax Power Station (REGO),4065000.0,REGO,England,Biomass,,Sep-2022,6058,G01821BWEN0000058607010922300922GEN,G01821BWEN0000064664010922300922GEN,1.0,2022-11-28,Redeemed,2023-07-01,Brook Green Trading Limited,,6.058,biomass,2022-09-01,2022-10-01,1
G01821BWEN,Drax Power Station (REGO),4065000.0,REGO,England,Biomass,,Sep-2022,19449,G01821BWEN0000039158010922300922GEN,G01821BWEN0000058606010922300922GEN,1.0,2022-11-28,Redeemed,2023-07-01,Brook Green Trading Limited,,19.449,biomass,2022-09-01,2022-10-01,1
G01821BWEN,Drax Power Station (REGO),4065000.0,REGO,England,Biomass,,Sep-2022,174393,G01821BWEN0000064665010922300922GEN,G01821BWEN0000239057010922300922GEN,1.0,2022-11-28,Redeemed,2023-07-01,Drax Energy Solutions Limited (Supplier),,174.393,biomass,2022-09-01,2022-10-01,1
G01821BWEN,Drax Power Station (REGO),4065000.0,REGO,England,Biomass,,Sep-2022,750000,G01821BWEN0000239058010922300922GEN,G01821BWEN0000989057010922300922GEN,1.0,2022-11-28,Redeemed,2023-07-01,ENGIE POWER LIMITED,,750.0,biomass,2022-09-01,2022-10-01,1
G01821BWEN,Drax Power Station (REGO),4065000.0,REGO,England,Biomass,,Sep-2022,5693,G01821BWEN0000033465010922300922GEN,G01821BWEN0000039157010922300922GEN,1.0,2022-11-28,Redeemed,2023-07-01,Brook Green Trading Limited,,5.693,biomass,2022-09-01,2022-10-01,1
G01821BWEN,Drax Power Station (REGO),4065000.0,REGO,England,Biomass,,Sep-2022,216240,G01821BWEN0000989058010922300922GEN,G01821BWEN0001205297010922300922GEN,1.0,2022-11-28,Redeemed,2023-07-01,E.ON Next Energy Limited,,216.24,biomass,2022-09-01,2022-10-01,1
G01821BWEN,Drax Power Station (REGO),4065000.0,REGO,England,Biomass,,Sep-2022,158959,G01821BWEN0001205298010922300922GEN,G01821BWEN0001364256010922300922GEN,1.0,2022-11-28,Redeemed,2023-07-01,E.ON Energy Solutions Limited,,158.959,biomass,2022-09-01,2022-10-01,1
G01821BWEN,Drax Power Station (REGO),4065000.0,REGO,England,Biomass,,Sep-2022,408,G01821BWEN0001364257010922300922GEN,G01821BWEN0001364664010922300922GEN,1.0,2022-11-28,Redeemed,2023-07-01,E.ON Next Energy Limited,,0.408,biomass,2022-09-01,2022-10-01,1
G01187FWEN,Triton Knoll Offshore Windfarm,857250.0,REGO,England,Off-shore Wind,,01/09/2022 - 30/09/2022,26159,G01187FWEN0000000000010922300922GEN,G01187FWEN0000026158010922300922GEN,1.0,2022-11-22,Redeemed,2023-07-01,Drax Energy Solutions Limited (Supplier),,26.159,wind,2022-09-01,2022-10-01,1
G01177FWEN,Walney Extension,659000.0,REGO,England,Off-shore Wind,,01/09/2022 - 30/09/2022,50000,G01177FWEN0000142307010922300922GEN,G01177FWEN0000192306010922300922GEN,1.0,2022-10-20,Redeemed,2023-07-01,Ovo Energy,,50.0,wind,2022-09-01,2022-10-01,1
G01187FWEN,Triton Knoll Offshore Windfarm,857250.0,REGO,England,Off-shore Wind,,01/08/2022 - 31/08/2022,38912,G01187FWEN0000000000010822310822GEN,G01187FWEN0000038911010822310822GEN,1.0,2022-10-21,Redeemed,2023-07-01,Opus Energy Ltd,,38.912,wind,2022-08-01,2022-09-01,1
G01177FWEN,Walney Extension,659000.0,REGO,England,Off-shore Wind,,01/09/2022 - 30/09/2022,7692,G01177FWEN0000126923010922300922GEN,G01177FWEN0000134614010922300922GEN,1.0,2022-10-20,Redeemed,2023-07-01,E.ON Next Energy Limited,,7.692,wind,2022-09-01,2022-10-01,1
G01177FWEN,Walney Extension,659000.0,REGO,England,Off-shore Wind,,01/09/2022 - 30/09/2022,126923,G01177FWEN0000000000010922300922GEN,G01177FWEN0000126922010922300922GEN,1.0,2022-10-20,Redeemed,2023-07-01,Npower Commercial Gas Ltd,,126.923,wind,2022-09-01,2022-10-01,1
G01177FWEN,Walney Extension,659000.0,REGO,England,Off-shore Wind,,01/09/2022 - 30/09/2022,7692,G01177FWEN0000134615010922300922GEN,G01177FWEN0000142306010922300922GEN,1.0,2022-10-20,Redeemed,2023-07-01,Octopus Energy Limited,,7.692,wind,2022-09-01,2022-10-01,1
G01187FWEN,Triton Knoll Offshore Windfarm,857250.0,REGO,England,Off-shore Wind,,01/09/2022 - 30/09/2022,100000,G01187FWEN0000026159010922300922GEN,G01187FWEN0000126158010922300922GEN,1.0,2022-11-22,Redeemed,2023-07-01,Octopus Energy Limited,,100.0,wind,2022-09-01,2022-10-01,1
G01187FWEN,Triton Knoll Offshore Windfarm,857250.0,REGO,England,Off-shore Wind,,01/09/2022 - 30/09/2022,10000,G01187FWEN0000126159010922300922GEN,G01187FWEN0000136158010922300922GEN,1.0,2022-11-22,Redeemed,2023-07-01,Octopus Energy Limited,,10.0,wind,2022-09-01,2022-10-01,1
G01187FWEN,Triton Knoll Offshore Windfarm,857250.0,REGO,England,Off-shore Wind,,01/09/2022 - 30/09/2022,10000,G01187FWEN0000180659010922300922GEN,G01187FWEN0000190658010922300922GEN,1.0,2022-11-22,Redeemed,2023-07-01,Octopus Energy Limited,,10.0,wind,2022-09-01,2022-10-01,1
G01187FWEN,Triton Knoll Offshore Windfarm,857250.0,REGO,England,Off-shore Wind,,01/09/2022 - 30/09/2022,10000,G01187FWEN0000136159010922300922GEN,G01187FWEN0000146158010922300922GEN,1.0,2022-11-22,Redeemed,2023-07-01,Octopus Energy Limited,,10.0,wind,2022-09-01,2022-10-01,1
G01177FWEN,Walney Extension,659000.0,REGO,England,Off-shore Wind,,01/08/2022 - 31/08/2022,98865,G01177FWEN0000010985010822310822GEN,G01177FWEN0000109849010822310822GEN,1.0,2022-11-16,Redeemed,2023-07-01,E.ON Next Energy Limited,,98.865,wind,2022-08-01,2022-09-01,1
G01177FWEN,Walney Extension,659000.0,REGO,England,Off-shore Wind,,01/08/2022 - 31/08/2022,2197,G01177FWEN0000000000010822310822GEN,G01177FWEN0000002196010822310822GEN,1.0,2022-09-19,Redeemed,2023-07-01,E.ON Next Energy Limited,,2.197,wind,2022-08-01,2022-09-01,1
G01187FWEN,Triton Knoll Offshore Windfarm,857250.0,REGO,England,Off-shore Wind,,01/08/2022 - 31/08/2022,10000,G01187FWEN0000038912010822310822GEN,G01187FWEN0000048911010822310822GEN,1.0,2022-10-21,Redeemed,2023-07-01,Octopus Energy Limited,,10.0,wind,2022-08-01,2022-09-01,1
G01187FWEN,Triton Knoll Offshore Windfarm,857250.0,REGO,England,Off-shore Wind,,01/08/2022 - 31/08/2022,10000,G01187FWEN0000093412010822310822GEN,G01187FWEN0000103411010822310822GEN,1.0,2022-10-21,Redeemed,2023-07-01,Octopus Energy Limited,,10.0,wind,2022-08-01,2022-09-01,1
G01187FWEN,Triton Knoll Offshore Windfarm,857250.0,REGO,England,Off-shore Wind,,01/08/2022 - 31/08/2022,10000,G01187FWEN0000048912010822310822GEN,G01187FWEN0000058911010822310822GEN,1.0,2022-10-21,Redeemed,2023-07-01,Octopus Energy Limited,,10.0,wind,2022-08-01,2022-09-01,1
G01177FWEN,Walney Extension,659000.0,REGO,England,Off-shore Wind,,01/08/2022 - 31/08/2022,4394,G01177FWEN0000002197010822310822GEN,G01177FWEN0000006590010822310822GEN,1.0,2022-09-19,Redeemed,2023-07-01,E.ON Next Energy Limited,,4.394,wind,2022-08-01,2022-09-01,1
G01177FWEN,Walney Extension,659000.0,REGO,England,Off-shore Wind,,01/08/2022 - 31/08/2022,4394,G01177FWEN0000006591010822310822GEN,G01177FWEN0000010984010822310822GEN,1.0,2022-09-19,Redeemed,2023-07-01,EDF Energy Customers Plc,,4.394,wind,2022-08-01,2022-09-01,1
G01821BWEN,Drax Power Station (REGO),4065000.0,REGO,England,Biomass,,Aug-2022,39294,G01821BWEN0000000000010822310822GEN,G01821BWEN0000039293010822310822GEN,1.0,2022-10-27,Redeemed,2023-07-01,British Gas Trading Ltd,,39.294,biomass,2022-08-01,2022-09-01,1
G01821BWEN,Drax Power Station (REGO),4065000.0,REGO,England,Biomass,,Aug-2022,1200000,G01821BWEN0000039294010822310822GEN,G01821BWEN0001239293010822310822GEN,1.0,2022-10-27,Redeemed,2023-07-01,British Gas Trading Ltd,,1200.0,biomass,2022-08-01,2022-09-01,1
G01821BWEN,Drax Power Station (REGO),4065000.0,REGO,England,Biomass,,Jul-2022,100000,G01821BWEN0000675697010722310722GEN,G01821BWEN0000775696010722310722GEN,1.0,2022-09-16,Redeemed,2023-07-01,EDF Energy Customers Plc,,100.0,biomass,2022-07-01,2022-08-01,1
G01821BWEN,Drax Power Station (REGO),4065000.0,REGO,England,Biomass,,Jul-2022,200000,G01821BWEN0000475697010722310722GEN,G01821BWEN0000675696010722310722GEN,1.0,2022-09-16,Redeemed,2023-07-01,EDF Energy Customers Plc,,200.0,biomass,2022-07-01,2022-08-01,1
G01821BWEN,Drax Power Station (REGO),4065000.0,REGO,England,Biomass,,Jul-2022,132447,G01821BWEN0000775697010722310722GEN,G01821BWEN0000908143010722310722GEN,1.0,2022-09-16,Redeemed,2023-07-01,Npower Commercial Gas Ltd,,132.447,biomass,2022-07-01,2022-08-01,1
G01821BWEN,Drax Power Station (REGO),4065000.0,REGO,England,Biomass,,Jul-2022,67553,G01821BWEN0000408144010722310722GEN,G01821BWEN0000475696010722310722GEN,1.0,2022-09-16,Redeemed,2023-07-01,EDF Energy Customers Plc,,67.553,biomass,2022-07-01,2022-08-01,1
G01821BWEN,Drax Power Station (REGO),4065000.0,REGO,England,Biomass,,Jul-2022,208144,G01821BWEN0000000000010722310722GEN,G01821BWEN0000208143010722310722GEN,1.0,2022-09-16,Redeemed,2023-07-01,Drax Energy Solutions Limited (Supplier),,208.144,biomass,2022-07-01,2022-08-01,1
G01821BWEN,Drax Power Station (REGO),4065000.0,REGO,England,Biomass,,Jul-2022,30000,G01821BWEN0000908144010722310722GEN,G01821BWEN0000938143010722310722GEN,1.0,2022-09-16,Redeemed,2023-07-01,Npower Commercial Gas Ltd,,30.0,biomass,2022-07-01,2022-08-01,1
G01821BWEN,Drax Power Station (REGO),4065000.0,REGO,England,Biomass,,Jul-2022,200000,G01821BWEN0000208144010722310722GEN,G01821BWEN0000408143010722310722GEN,1.0,2022-09-16,Redeemed,2023-07-01,So Energy Trading Limited,,200.0,biomass,2022-07-01,2022-08-01,1
G01821BWEN,Drax Power Station (REGO),4065000.0,REGO,England,Biomass,,Jul-2022,300000,G01821BWEN0000938144010722310722GEN,G01821BWEN0001238143010722310722GEN,1.0,2022-09-16,Redeemed,2023-07-01,British Gas Trading Ltd,,300.0,biomass,2022-07-01,2022-08-01,1
G01187FWEN,Triton Knoll Offshore Windfarm,857250.0,REGO,England,Off-shore Wind,,01/07/2022 - 31/07/2022,87112,G01187FWEN0000000000010722310722GEN,G01187FWEN0000087111010722310722GEN,1.0,2022-09-16,Redeemed,2023-07-01,Opus Energy Ltd,,87.112,wind,2022-07-01,2022-08-01,1
G01177FWEN,Walney Extension,659000.0,REGO,England,Off-shore Wind,,01/07/2022 - 31/07/2022,3384,G01177FWEN0000006669010722310722GEN,G01177FWEN0000010052010722310722GEN,1.0,2022-08-22,Redeemed,2023-07-01,Drax Energy Solutions Limited (Supplier),,3.384,wind,2022-07-01,2022-08-01,1
G01177FWEN,Walney Extension,659000.0,REGO,England,Off-shore Wind,,01/07/2022 - 31/07/2022,6669,G01177FWEN0000000000010722310722GEN,G01177FWEN0000006668010722310722GEN,1.0,2022-08-22,Redeemed,2023-07-01,E.ON Next Energy Limited,,6.669,wind,2022-07-01,2022-08-01,1
G01177FWEN,Walney Extension,659000.0,REGO,England,Off-shore Wind,,01/07/2022 - 31/07/2022,42612,G01177FWEN0000052427010722310722GEN,G01177FWEN0000095038010722310722GEN,1.0,2022-08-22,Redeemed,2023-07-01,Brook Green Trading Limited,,42.612,wind,2022-07-01,2022-08-01,1
G01177FWEN,Walney Extension,659000.0,REGO,England,Off-shore Wind,,01/07/2022 - 31/07/2022,6669,G01177FWEN0000010053010722310722GEN,G01177FWEN0000016721010722310722GEN,1.0,2022-08-22,Redeemed,2023-07-01,Bulb Energy Ltd,,6.669,wind,2022-07-01,2022-08-01,1
G01177FWEN,Walney Extension,659000.0,REGO,England,Off-shore Wind,,01/07/2022 - 31/07/2022,35705,G01177FWEN0000016722010722310722GEN,G01177FWEN0000052426010722310722GEN,1.0,2022-08-22,Redeemed,2023-07-01,Bulb Energy Ltd,,35.705,wind,2022-07-01,2022-08-01,1
G01187FWEN,Triton Knoll Offshore Windfarm,857250.0,REGO,England,Off-shore Wind,,01/07/2022 - 31/07/2022,10000,G01187FWEN0000087112010722310722GEN,G01187FWEN0000097111010722310722GEN,1.0,2022-09-16,Redeemed,2023-07-01,Octopus Energy Limited,,10.0,wind,2022-07-01,2022-08-01,1
G01187FWEN,Triton Knoll Offshore Windfarm,857250.0,REGO,England,Off-shore Wind,,01/07/2022 - 31/07/2022,10000,G01187FWEN0000141612010722310722GEN,G01187FWEN0000151611010722310722GEN,1.0,2022-09-16,Redeemed,2023-07-01,Octopus Energy Limited,,10.0,wind,2022-07-01,2022-08-01,1
G01187FWEN,Triton Knoll Offshore Windfarm,857250.0,REGO,England,Off-shore Wind,,01/07/2022 - 31/07/2022,10000,G01187FWEN0000097112010722310722GEN,G01187FWEN0000107111010722310722GEN,1.0,2022-09-16,Redeemed,2023-07-01,Octopus Energy Limited,,10.0,wind,2022-07-01,2022-08-01,1
G01177FWEN,Walney Extension,659000.0,REGO,England,Off-shore Wind,,01/06/2022 - 30/06/2022,47955,G01177FWEN0000000000010622300622GEN,G01177FWEN0000047954010622300622GEN,1.0,2022-07-21,Redeemed,2023-07-01,TotalEnergies Gas & Power Limited,,47.955,wind,2022-06-01,2022-07-01,1
G01177FWEN,Walney Extension,659000.0,REGO,England,Off-shore Wind,,01/06/2022 - 30/06/2022,6211,G01177FWEN0000099063010622300622GEN,G01177FWEN0000105273010622300622GEN,1.0,2022-07-21,Redeemed,2023-07-01,Bulb Energy Ltd,,6.211,wind,2022-06-01,2022-07-01,1
G01187FWEN,Triton Knoll Offshore Windfarm,857250.0,REGO,England,Off-shore Wind,,01/06/2022 - 30/06/2022,10000,G01187FWEN0000104562010622300622GEN,G01187FWEN0000114561010622300622GEN,1.0,2022-08-18,Redeemed,2023-07-01,E.ON Next Energy Limited,,10.0,wind,2022-06-01,2022-07-01,1
G01187FWEN,Triton Knoll Offshore Windfarm,857250.0,REGO,England,Off-shore Wind,,01/06/2022 - 30/06/2022,10000,G01187FWEN0000149062010622300622GEN,G01187FWEN0000159061010622300622GEN,1.0,2022-08-18,Redeemed,2023-07-01,E.ON Next Energy Limited,,10.0,wind,2022-06-01,2022-07-01,1
G01187FWEN,Triton Knoll Offshore Windfarm,857250.0,REGO,England,Off-shore Wind,,01/06/2022 - 30/06/2022,10000,G01187FWEN0000094562010622300622GEN,G01187FWEN0000104561010622300622GEN,1.0,2022-08-18,Redeemed,2023-07-01,E.ON Next Energy Limited,,10.0,wind,2022-06-01,2022-07-01,1
G01177FWEN,Walney Extension,659000.0,REGO,England,Off-shore Wind,,01/06/2022 - 30/06/2022,6211,G01177FWEN0000092852010622300622GEN,G01177FWEN0000099062010622300622GEN,1.0,2022-07-21,Redeemed,2023-07-01,E.ON Next Energy Limited,,6.211,wind,2022-06-01,2022-07-01,1
G01177FWEN,Walney Extension,659000.0,REGO,England,Off-shore Wind,,01/06/2022 - 30/06/2022,7117,G01177FWEN0000105274010622300622GEN,G01177FWEN0000112390010622300622GEN,1.0,2022-07-21,Redeemed,2023-07-01,Ecotricity Limited,,7.117,wind,2022-06-01,2022-07-01,1
G01177FWEN,Walney Extension,659000.0,REGO,England,Off-shore Wind,,01/07/2022 - 31/07/2022,50000,G01177FWEN0000116722010722310722GEN,G01177FWEN0000166721010722310722GEN,1.0,2022-08-22,Redeemed,2023-07-01,Ecotricity Limited,,50.0,wind,2022-07-01,2022-08-01,1
G01177FWEN,Walney Extension,659000.0,REGO,England,Off-shore Wind,,01/06/2022 - 30/06/2022,44897,G01177FWEN0000047955010622300622GEN,G01177FWEN0000092851010622300622GEN,1.0,2022-07-21,Redeemed,2023-07-01,Drax Energy Solutions Limited (Supplier),,44.897,wind,2022-06-01,2022-07-01,1
G01187FWEN,Triton Knoll Offshore Windfarm,857250.0,REGO,England,Off-shore Wind,,01/06/2022 - 30/06/2022,53562,G01187FWEN0000000000010622300622GEN,G01187FWEN0000053561010622300622GEN,1.0,2022-08-18,Redeemed,2023-07-01,Opus Energy Ltd,,53.562,wind,2022-06-01,2022-07-01,1
G01177FWEN,Walney Extension,659000.0,REGO,England,Off-shore Wind,,01/06/2022 - 30/06/2022,25000,G01177FWEN0000112391010622300622GEN,G01177FWEN0000137390010622300622GEN,1.0,2022-07-21,Redeemed,2023-07-01,Octopus Energy Limited,,25.0,wind,2022-06-01,2022-07-01,1
G01821BWEN,Drax Power Station (REGO),4065000.0,REGO,England,Biomass,,Jun-2022,254670,G01821BWEN0000502541010622300622GEN,G01821BWEN0000757210010622300622GEN,1.0,2022-08-24,Redeemed,2023-07-01,British Gas Trading Ltd,,254.67,biomass,2022-06-01,2022-07-01,1
G01821BWEN,Drax Power Station (REGO),4065000.0,REGO,England,Biomass,,Jun-2022,200000,G01821BWEN0000102541010622300622GEN,G01821BWEN0000302540010622300622GEN,1.0,2022-08-24,Redeemed,2023-07-01,Npower Commercial Gas Ltd,,200.0,biomass,2022-06-01,2022-07-01,1
G01821BWEN,Drax Power Station (REGO),4065000.0,REGO,England,Biomass,,Jun-2022,65000,G01821BWEN0000037541010622300622GEN,G01821BWEN0000102540010622300622GEN,1.0,2022-08-24,Redeemed,2023-07-01,Brook Green Trading Limited,,65.0,biomass,2022-06-01,2022-07-01,1
G01821BWEN,Drax Power Station (REGO),4065000.0,REGO,England,Biomass,,Jun-2022,37541,G01821BWEN0000000000010622300622GEN,G01821BWEN0000037540010622300622GEN,1.0,2022-08-24,Redeemed,2023-07-01,Drax Energy Solutions Limited (Supplier),,37.541,biomass,2022-06-01,2022-07-01,1
G01821BWEN,Drax Power Station (REGO),4065000.0,REGO,England,Biomass,,Jun-2022,100000,G01821BWEN0000402541010622300622GEN,G01821BWEN0000502540010622300622GEN,1.0,2022-08-24,Redeemed,2023-07-01,Npower Commercial Gas Ltd,,100.0,biomass,2022-06-01,2022-07-01,1
G01821BWEN,Drax Power Station (REGO),4065000.0,REGO,England,Biomass,,Jun-2022,40000,G01821BWEN0000362541010622300622GEN,G01821BWEN0000402540010622300622GEN,1.0,2022-08-24,Redeemed,2023-07-01,Npower Commercial Gas Ltd,,40.0,biomass,2022-06-01,2022-07-01,1
G01821BWEN,Drax Power Station (REGO),4065000.0,REGO,England,Biomass,,Jun-2022,85795,G01821BWEN0000771416010622300622GEN,G01821BWEN0000857210010622300622GEN,1.0,2022-08-24,Redeemed,2023-07-01,Npower Commercial Gas Ltd,,85.795,biomass,2022-06-01,2022-07-01,1
G01821BWEN,Drax Power Station (REGO),4065000.0,REGO,England,Biomass,,Jun-2022,60000,G01821BWEN0000302541010622300622GEN,G01821BWEN0000362540010622300622GEN,1.0,2022-08-24,Redeemed,2023-07-01,EDF Energy Customers Plc,,60.0,biomass,2022-06-01,2022-07-01,1
G01821BWEN,Drax Power Station (REGO),4065000.0,REGO,England,Biomass,,Jun-2022,14205,G01821BWEN0000757211010622300622GEN,G01821BWEN0000771415010622300622GEN,1.0,2022-08-24,Redeemed,2023-07-01,British Gas Trading Ltd,,14.205,biomass,2022-06-01,2022-07-01,1
G01821BWEN,Drax Power Station (REGO),4065000.0,REGO,England,Biomass,,May-2022,4200,G01821BWEN0000663576010522310522GEN,G01821BWEN0000667775010522310522GEN,1.0,2022-07-20,Redeemed,2023-07-01,Business Power and Gas Limited,,4.2,biomass,2022-05-01,2022-06-01,1
G01821BWEN,Drax Power Station (REGO),4065000.0,REGO,England,Biomass,,May-2022,18594,G01821BWEN0000667776010522310522GEN,G01821BWEN0000686369010522310522GEN,1.0,2022-07-20,Redeemed,2023-07-01,Corona Energy Retail 4 Ltd,,18.594,biomass,2022-05-01,2022-06-01,1
G01821BWEN,Drax Power Station (REGO),4065000.0,REGO,England,Biomass,,May-2022,206200,G01821BWEN0000457376010522310522GEN,G01821BWEN0000663575010522310522GEN,1.0,2022-07-20,Redeemed,2023-07-01,E.ON Next Energy Limited,,206.2,biomass,2022-05-01,2022-06-01,1
G01821BWEN,Drax Power Station (REGO),4065000.0,REGO,England,Biomass,,May-2022,11895,G01821BWEN0000322604010522310522GEN,G01821BWEN0000334498010522310522GEN,1.0,2022-07-20,Redeemed,2023-07-01,EDF Energy Customers Plc,,11.895,biomass,2022-05-01,2022-06-01,1
G01821BWEN,Drax Power Station (REGO),4065000.0,REGO,England,Biomass,,May-2022,79323,G01821BWEN0000243281010522310522GEN,G01821BWEN0000322603010522310522GEN,1.0,2022-07-20,Redeemed,2023-07-01,Npower Commercial Gas Ltd,,79.323,biomass,2022-05-01,2022-06-01,1
G01821BWEN,Drax Power Station (REGO),4065000.0,REGO,England,Biomass,,May-2022,88939,G01821BWEN0000138837010522310522GEN,G01821BWEN0000227775010522310522GEN,1.0,2022-07-20,Redeemed,2023-07-01,Shell Energy Retail Limited,,88.939,biomass,2022-05-01,2022-06-01,1
G01821BWEN,Drax Power Station (REGO),4065000.0,REGO,England,Biomass,,May-2022,122852,G01821BWEN0000334524010522310522GEN,G01821BWEN0000457375010522310522GEN,1.0,2022-07-20,Redeemed,2023-07-01,Shell Energy Retail Limited,,122.852,biomass,2022-05-01,2022-06-01,1
G01821BWEN,Drax Power Station (REGO),4065000.0,REGO,England,Biomass,,May-2022,138837,G01821BWEN0000000000010522310522GEN,G01821BWEN0000138836010522310522GEN,1.0,2022-07-20,Redeemed,2023-07-01,British Gas Trading Ltd,,138.837,biomass,2022-05-01,2022-06-01,1
G01821BWEN,Drax Power Station (REGO),4065000.0,REGO,England,Biomass,,May-2022,9160,G01821BWEN0000227776010522310522GEN,G01821BWEN0000236935010522310522GEN,1.0,2022-07-20,Redeemed,2023-07-01,Shell Energy Retail Limited,,9.16,biomass,2022-05-01,2022-06-01,1
G01821BWEN,Drax Power Station (REGO),4065000.0,REGO,England,Biomass,,May-2022,6345,G01821BWEN0000236936010522310522GEN,G01821BWEN0000243280010522310522GEN,1.0,2022-07-20,Redeemed,2023-07-01,Shell Energy Retail Limited,,6.345,biomass,2022-05-01,2022-06-01,1
G01177FWEN,Walney Extension,659000.0,REGO,England,Off-shore Wind,,01/05/2022 - 31/05/2022,100000,G01177FWEN0000118456010522310522GEN,G01177FWEN0000218455010522310522GEN,1.0,2022-06-21,Redeemed,2023-07-01,Ecotricity Limited,,100.0,wind,2022-05-01,2022-06-01,1
G01187FWEN,Triton Knoll Offshore Windfarm,857250.0,REGO,England,Off-shore Wind,,01/04/2022 - 30/04/2022,10330,G01187FWEN0000056522010422300422GEN,G01187FWEN0000066851010422300422GEN,1.0,2022-07-21,Redeemed,2023-07-01,Octopus Energy Limited,,10.33,wind,2022-04-01,2022-05-01,1
G01177FWEN,Walney Extension,659000.0,REGO,England,Off-shore Wind,,01/05/2022 - 31/05/2022,8738,G01177FWEN0000099718010522310522GEN,G01177FWEN0000108455010522310522GEN,1.0,2022-06-21,Redeemed,2023-07-01,Octopus Energy Limited,,8.738,wind,2022-05-01,2022-06-01,1
G01177FWEN,Walney Extension,659000.0,REGO,England,Off-shore Wind,,01/05/2022 - 31/05/2022,158,G01177FWEN0000108456010522310522GEN,G01177FWEN0000108613010522310522GEN,1.0,2022-06-21,Redeemed,2023-07-01,Octopus Energy Limited,,0.158,wind,2022-05-01,2022-06-01,1
G01187FWEN,Triton Knoll Offshore Windfarm,857250.0,REGO,England,Off-shore Wind,,01/05/2022 - 31/05/2022,10000,G01187FWEN0000126121010522310522GEN,G01187FWEN0000136120010522310522GEN,1.0,2022-07-21,Redeemed,2023-07-01,Octopus Energy Limited,,10.0,wind,2022-05-01,2022-06-01,1
G01187FWEN,Triton Knoll Offshore Windfarm,857250.0,REGO,England,Off-shore Wind,,01/05/2022 - 31/05/2022,10000,G01187FWEN0000180621010522310522GEN,G01187FWEN0000190620010522310522GEN,1.0,2022-07-21,Redeemed,2023-07-01,Octopus Energy Limited,,10.0,wind,2022-05-01,2022-06-01,1
G01187FWEN,Triton Knoll Offshore Windfarm,857250.0,REGO,England,Off-shore Wind,,01/05/2022 - 31/05/2022,10000,G01187FWEN0000136121010522310522GEN,G01187FWEN0000146120010522310522GEN,1.0,2022-07-21,Redeemed,2023-07-01,Octopus Energy Limited,,10.0,wind,2022-05-01,2022-06-01,1
G01187FWEN,Triton Knoll Offshore Windfarm,857250.0,REGO,England,Off-shore Wind,,01/05/2022 - 31/05/2022,1320,G01187FWEN0000000000010522310522GEN,G01187FWEN0000001319010522310522GEN,1.0,2022-07-21,Redeemed,2023-07-01,Drax Energy Solutions Limited (Supplier),,1.32,wind,2022-05-01,2022-06-01,1
G01187FWEN,Triton Knoll Offshore Windfarm,857250.0,REGO,England,Off-shore Wind,,01/05/2022 - 31/05/2022,4801,G01187FWEN0000001320010522310522GEN,G01187FWEN0000006120010522310522GEN,1.0,2022-07-21,Redeemed,2023-07-01,Opus Energy Ltd,,4.801,wind,2022-05-01,2022-06-01,1
G01187FWEN,Triton Knoll Offshore Windfarm,857250.0,REGO,England,Off-shore Wind,,01/05/2022 - 31/05/2022,120000,G01187FWEN0000006121010522310522GEN,G01187FWEN0000126120010522310522GEN,1.0,2022-07-21,Redeemed,2023-07-01,Octopus Energy Limited,,120.0,wind,2022-05-01,2022-06-01,1
G01177FWEN,Walney Extension,659000.0,REGO,England,Off-shore Wind,,01/05/2022 - 31/05/2022,9842,G01177FWEN0000108614010522310522GEN,G01177FWEN0000118455010522310522GEN,1.0,2022-06-21,Redeemed,2023-07-01,Ovo Energy,,9.842,wind,2022-05-01,2022-06-01,1
G01177FWEN,Walney Extension,659000.0,REGO,England,Off-shore Wind,,01/05/2022 - 31/05/2022,8738,G01177FWEN0000090980010522310522GEN,G01177FWEN0000099717010522310522GEN,1.0,2022-06-21,Redeemed,2023-07-01,E.ON Next Energy Limited,,8.738,wind,2022-05-01,2022-06-01,1
G01177FWEN,Walney Extension,659000.0,REGO,England,Off-shore Wind,,01/05/2022 - 31/05/2022,37040,G01177FWEN0000000000010522310522GEN,G01177FWEN0000037039010522310522GEN,1.0,2022-06-21,Redeemed,2023-07-01,Brook Green Trading Limited,,37.04,wind,2022-05-01,2022-06-01,1
G01177FWEN,Walney Extension,659000.0,REGO,England,Off-shore Wind,,01/05/2022 - 31/05/2022,53940,G01177FWEN0000037040010522310522GEN,G01177FWEN0000090979010522310522GEN,1.0,2022-06-21,Redeemed,2023-07-01,TotalEnergies Gas & Power Limited,,53.94,wind,2022-05-01,2022-06-01,1
G01177FWEN,Walney Extension,659000.0,REGO,England,Off-shore Wind,,01/04/2022 - 30/04/2022,69500,G01177FWEN0000064521010422300422GEN,G01177FWEN0000134020010422300422GEN,1.0,2022-05-18,Redeemed,2023-07-01,Ecotricity Limited,,69.5,wind,2022-04-01,2022-05-01,1
G01821BWEN,Drax Power Station (REGO),4065000.0,REGO,England,Biomass,,Apr-2022,70000,G01821BWEN0000314999010422300422GEN,G01821BWEN0000384998010422300422GEN,1.0,2022-06-20,Redeemed,2023-07-01,AXPO UK Limited,,70.0,biomass,2022-04-01,2022-05-01,1
G01821BWEN,Drax Power Station (REGO),4065000.0,REGO,England,Biomass,,Apr-2022,20000,G01821BWEN0000026199010422300422GEN,G01821BWEN0000046198010422300422GEN,1.0,2022-06-20,Redeemed,2023-07-01,British Gas Trading Ltd,,20.0,biomass,2022-04-01,2022-05-01,1
G01821BWEN,Drax Power Station (REGO),4065000.0,REGO,England,Biomass,,Apr-2022,17199,G01821BWEN0000000000010422300422GEN,G01821BWEN0000017198010422300422GEN,1.0,2022-06-20,Redeemed,2023-07-01,British Gas Trading Ltd,,17.199,biomass,2022-04-01,2022-05-01,1
G01821BWEN,Drax Power Station (REGO),4065000.0,REGO,England,Biomass,,Apr-2022,5000,G01821BWEN0000414999010422300422GEN,G01821BWEN0000419998010422300422GEN,1.0,2022-06-20,Redeemed,2023-07-01,Shell Energy Retail Limited,,5.0,biomass,2022-04-01,2022-05-01,1
G01821BWEN,Drax Power Station (REGO),4065000.0,REGO,England,Biomass,,Apr-2022,30000,G01821BWEN0000384999010422300422GEN,G01821BWEN0000414998010422300422GEN,1.0,2022-06-20,Redeemed,2023-07-01,Shell Energy Retail Limited,,30.0,biomass,2022-04-01,2022-05-01,1
G01821BWEN,Drax Power Station (REGO),4065000.0,REGO,England,Biomass,,Apr-2022,95000,G01821BWEN0000419999010422300422GEN,G01821BWEN0000514998010422300422GEN,1.0,2022-06-20,Redeemed,2023-07-01,Hudson Energy,,95.0,biomass,2022-04-01,2022-05-01,1
G01821BWEN,Drax Power Station (REGO),4065000.0,REGO,England,Biomass,,Apr-2022,200000,G01821BWEN0000514999010422300422GEN,G01821BWEN0000714998010422300422GEN,1.0,2022-06-20,Redeemed,2023-07-01,Hudson Energy,,200.0,biomass,2022-04-01,2022-05-01,1
G01821BWEN,Drax Power Station (REGO),4065000.0,REGO,England,Biomass,,Apr-2022,200000,G01821BWEN0000714999010422300422GEN,G01821BWEN0000914998010422300422GEN,1.0,2022-06-20,Redeemed,2023-07-01,Npower Commercial Gas Ltd,,200.0,biomass,2022-04-01,2022-05-01,1
G01821BWEN,Drax Power Station (REGO),4065000.0,REGO,England,Biomass,,Apr-2022,3045,G01821BWEN0000019315010422300422GEN,G01821BWEN0000022359010422300422GEN,1.0,2022-06-20,Redeemed,2023-07-01,Business Power and Gas Limited,,3.045,biomass,2022-04-01,2022-05-01,1
G01821BWEN,Drax Power Station (REGO),4065000.0,REGO,England,Biomass,,Apr-2022,43800,G01821BWEN0000246199010422300422GEN,G01821BWEN0000289998010422300422GEN,1.0,2022-06-20,Redeemed,2023-07-01,E.ON Next Energy Limited,,43.8,biomass,2022-04-01,2022-05-01,1
G01821BWEN,Drax Power Station (REGO),4065000.0,REGO,England,Biomass,,Apr-2022,10000,G01821BWEN0001034999010422300422GEN,G01821BWEN0001044998010422300422GEN,1.0,2022-06-20,Redeemed,2023-07-01,EDF Energy Customers Plc,,10.0,biomass,2022-04-01,2022-05-01,1
G01821BWEN,Drax Power Station (REGO),4065000.0,REGO,England,Biomass,,Apr-2022,10000,G01821BWEN0001044999010422300422GEN,G01821BWEN0001054998010422300422GEN,1.0,2022-06-20,Redeemed,2023-07-01,EDF Energy Customers Plc,,10.0,biomass,2022-04-01,2022-05-01,1
G01821BWEN,Drax Power Station (REGO),4065000.0,REGO,England,Biomass,,Apr-2022,5000,G01821BWEN0001024999010422300422GEN,G01821BWEN0001029998010422300422GEN,1.0,2022-06-20,Redeemed,2023-07-01,EDF Energy Customers Plc,,5.0,biomass,2022-04-01,2022-05-01,1
G01821BWEN,Drax Power Station (REGO),4065000.0,REGO,England,Biomass,,Apr-2022,5000,G01821BWEN0001014999010422300422GEN,G01821BWEN0001019998010422300422GEN,1.0,2022-06-20,Redeemed,2023-07-01,EDF Energy Customers Plc,,5.0,biomass,2022-04-01,2022-05-01,1
G01821BWEN,Drax Power Station (REGO),4065000.0,REGO,England,Biomass,,Apr-2022,5000,G01821BWEN0001054999010422300422GEN,G01821BWEN0001059998010422300422GEN,1.0,2022-06-20,Redeemed,2023-07-01,EDF Energy Customers Plc,,5.0,biomass,2022-04-01,2022-05-01,1
G01821BWEN,Drax Power Station (REGO),4065000.0,REGO,England,Biomass,,Apr-2022,5000,G01821BWEN0001059999010422300422GEN,G01821BWEN0001064998010422300422GEN,1.0,2022-06-20,Redeemed,2023-07-01,EDF Energy Customers Plc,,5.0,biomass,2022-04-01,2022-05-01,1
G01821BWEN,Drax Power Station (REGO),4065000.0,REGO,England,Biomass,,Apr-2022,5000,G01821BWEN0001019999010422300422GEN,G01821BWEN0001024998010422300422GEN,1.0,2022-06-20,Redeemed,2023-07-01,EDF Energy Customers Plc,,5.0,biomass,2022-04-01,2022-05-01,1
G01821BWEN,Drax Power Station (REGO),4065000.0,REGO,England,Biomass,,Apr-2022,5000,G01821BWEN0001029999010422300422GEN,G01821BWEN0001034998010422300422GEN,1.0,2022-06-20,Redeemed,2023-07-01,EDF Energy Customers Plc,,5.0,biomass,2022-04-01,2022-05-01,1
G01821BWEN,Drax Power Station (REGO),4065000.0,REGO,England,Biomass,,Apr-2022,25000,G01821BWEN0000989999010422300422GEN,G01821BWEN0001014998010422300422GEN,1.0,2022-06-20,Redeemed,2023-07-01,EDF Energy Customers Plc,,25.0,biomass,2022-04-01,2022-05-01,1
G01821BWEN,Drax Power Station (REGO),4065000.0,REGO,England,Biomass,,Apr-2022,25000,G01821BWEN0000964999010422300422GEN,G01821BWEN0000989998010422300422GEN,1.0,2022-06-20,Redeemed,2023-07-01,EDF Energy Customers Plc,,25.0,biomass,2022-04-01,2022-05-01,1
G01821BWEN,Drax Power Station (REGO),4065000.0,REGO,England,Biomass,,Apr-2022,10000,G01821BWEN0000954999010422300422GEN,G01821BWEN0000964998010422300422GEN,1.0,2022-06-20,Redeemed,2023-07-01,EDF Energy Customers Plc,,10.0,biomass,2022-04-01,2022-05-01,1
G01821BWEN,Drax Power Station (REGO),4065000.0,REGO,England,Biomass,,Apr-2022,10000,G01821BWEN0000944999010422300422GEN,G01821BWEN0000954998010422300422GEN,1.0,2022-06-20,Redeemed,2023-07-01,EDF Energy Customers Plc,,10.0,biomass,2022-04-01,2022-05-01,1
G01821BWEN,Drax Power Station (REGO),4065000.0,REGO,England,Biomass,,Apr-2022,10000,G01821BWEN0000934999010422300422GEN,G01821BWEN0000944998010422300422GEN,1.0,2022-06-20,Redeemed,2023-07-01,EDF Energy Customers Plc,,10.0,biomass,2022-04-01,2022-05-01,1
G01821BWEN,Drax Power Station (REGO),4065000.0,REGO,England,Biomass,,Apr-2022,10000,G01821BWEN0000924999010422300422GEN,G01821BWEN0000934998010422300422GEN,1.0,2022-06-20,Redeemed,2023-07-01,EDF Energy Customers Plc,,10.0,biomass,2022-04-01,2022-05-01,1
G01821BWEN,Drax Power Station (REGO),4065000.0,REGO,England,Biomass,,Apr-2022,10000,G01821BWEN0000914999010422300422GEN,G01821BWEN0000924998010422300422GEN,1.0,2022-06-20,Redeemed,2023-07-01,EDF Energy Customers Plc,,10.0,biomass,2022-04-01,2022-05-01,1
G01177FWEN,Walney Extension,659000.0,REGO,England,Off-shore Wind,,01/04/2022 - 30/04/2022,20000,G01177FWEN0000044521010422300422GEN,G01177FWEN0000064520010422300422GEN,1.0,2022-05-18,Redeemed,2023-07-01,Shell Energy Retail Limited,,20.0,wind,2022-04-01,2022-05-01,1
G01177FWEN,Walney Extension,659000.0,REGO,England,Off-shore Wind,,01/04/2022 - 30/04/2022,8000,G01177FWEN0000159021010422300422GEN,G01177FWEN0000167020010422300422GEN,1.0,2022-05-18,Redeemed,2023-07-01,Shell Energy Retail Limited,,8.0,wind,2022-04-01,2022-05-01,1
G01177FWEN,Walney Extension,659000.0,REGO,England,Off-shore Wind,,01/04/2022 - 30/04/2022,6681,G01177FWEN0000026681010422300422GEN,G01177FWEN0000033361010422300422GEN,1.0,2022-05-18,Redeemed,2023-07-01,Bulb Energy Ltd,,6.681,wind,2022-04-01,2022-05-01,1
G01177FWEN,Walney Extension,659000.0,REGO,England,Off-shore Wind,,01/04/2022 - 30/04/2022,6066,G01177FWEN0000000000010422300422GEN,G01177FWEN0000006065010422300422GEN,1.0,2022-05-18,Redeemed,2023-07-01,Ovo Energy,,6.066,wind,2022-04-01,2022-05-01,1
G01187FWEN,Triton Knoll Offshore Windfarm,857250.0,REGO,England,Off-shore Wind,,01/04/2022 - 30/04/2022,2518,G01187FWEN0000076852010422300422GEN,G01187FWEN0000079369010422300422GEN,1.0,2022-07-21,Redeemed,2023-07-01,E.ON Next Energy Limited,,2.518,wind,2022-04-01,2022-05-01,1
G01187FWEN,Triton Knoll Offshore Windfarm,857250.0,REGO,England,Off-shore Wind,,01/04/2022 - 30/04/2022,11522,G01187FWEN0000000000010422300422GEN,G01187FWEN0000011521010422300422GEN,1.0,2022-07-21,Redeemed,2023-07-01,Drax Energy Solutions Limited (Supplier),,11.522,wind,2022-04-01,2022-05-01,1
G01177FWEN,Walney Extension,659000.0,REGO,England,Off-shore Wind,,01/04/2022 - 30/04/2022,25000,G01177FWEN0000134021010422300422GEN,G01177FWEN0000159020010422300422GEN,1.0,2022-05-18,Redeemed,2023-07-01,Ecotricity Limited,,25.0,wind,2022-04-01,2022-05-01,1
G01177FWEN,Walney Extension,659000.0,REGO,England,Off-shore Wind,,01/04/2022 - 30/04/2022,6681,G01177FWEN0000006066010422300422GEN,G01177FWEN0000012746010422300422GEN,1.0,2022-05-18,Redeemed,2023-07-01,E.ON Next Energy Limited,,6.681,wind,2022-04-01,2022-05-01,1
G01187FWEN,Triton Knoll Offshore Windfarm,857250.0,REGO,England,Off-shore Wind,,01/04/2022 - 30/04/2022,7482,G01187FWEN0000079370010422300422GEN,G01187FWEN0000086851010422300422GEN,1.0,2022-07-21,Redeemed,2023-07-01,E.ON Next Energy Limited,,7.482,wind,2022-04-01,2022-05-01,1
G01187FWEN,Triton Knoll Offshore Windfarm,857250.0,REGO,England,Off-shore Wind,,01/04/2022 - 30/04/2022,10000,G01187FWEN0000066852010422300422GEN,G01187FWEN0000076851010422300422GEN,1.0,2022-07-21,Redeemed,2023-07-01,E.ON Next Energy Limited,,10.0,wind,2022-04-01,2022-05-01,1
G01187FWEN,Triton Knoll Offshore Windfarm,857250.0,REGO,England,Off-shore Wind,,01/04/2022 - 30/04/2022,10000,G01187FWEN0000121352010422300422GEN,G01187FWEN0000131351010422300422GEN,1.0,2022-07-21,Redeemed,2023-07-01,E.ON Next Energy Limited,,10.0,wind,2022-04-01,2022-05-01,1
G01177FWEN,Walney Extension,659000.0,REGO,England,Off-shore Wind,,01/04/2022 - 30/04/2022,11159,G01177FWEN0000033362010422300422GEN,G01177FWEN0000044520010422300422GEN,1.0,2022-05-18,Redeemed,2023-07-01,Drax Energy Solutions Limited (Supplier),,11.159,wind,2022-04-01,2022-05-01,1
G01187FWEN,Triton Knoll Offshore Windfarm,857250.0,REGO,England,Off-shore Wind,,01/04/2022 - 30/04/2022,45000,G01187FWEN0000011522010422300422GEN,G01187FWEN0000056521010422300422GEN,1.0,2022-07-21,Redeemed,2023-07-01,E.ON Next Energy Limited,,45.0,wind,2022-04-01,2022-05-01,1
G01177FWEN,Walney Extension,659000.0,REGO,England,Off-shore Wind,,01/04/2022 - 30/04/2022,13934,G01177FWEN0000012747010422300422GEN,G01177FWEN0000026680010422300422GEN,1.0,2022-05-18,Redeemed,2023-07-01,Octopus Energy Limited,,13.934,wind,2022-04-01,2022-05-01,1
