BSC,Settlement Date,Settlement Period,Settlement Run Type,BM Unit Id,Information Imbalance Cashflow,BM Unit Period Non-Delivery Charge,Period FPN,Period BM Unit Balancing Services Volume,Period Information Imbalance Volume,Period Expected Metered Volume,BM Unit Metered Volume,Period BM Unit Non-Delivered Bid Volume,Period BM Unit Non-Delivered Offer Volume,Transmission Loss Factor,Transmission Loss Multiplier,Trading Unit Name,Total Trading Unit Metered Volume,BM Unit Applicable Balancing Services Volume,Period Supplier BM Unit Delivered Volume,Period Supplier BM Unit Non BM ABSVD Volume
GOLD,30/03/2023,1,SF,2__AGESL000,0,0,0,0.0,7.032,0.0,-7.032,0,0,0.002763,1.0183849,DEFAULT__A,-1096.386,0.0,0.0,0.0
GOLD,30/03/2023,1,SF,2__BGESL000,0,0,0,0.0,4.7,0.0,-4.7,0,0,0.0061409,1.0217628,DEFAULT__B,-875.618,0.0,0.0,0.0
GOLD,30/03/2023,1,SF,2__CGESL000,0,0,0,0.0,3.761,0.0,-3.761,0,0,0.0145587,1.0301806,DEFAULT__C,-1093.142,0.0,0.0,0.0
GOLD,30/03/2023,1,SF,2__DGESL000,0,0,0,0.0,2.739,0.0,-2.739,0,0,0.0070704,1.0226923,DEFAULT__D,-455.487,0.0,0.0,0.0
GOLD,30/03/2023,1,SF,2__EGESL000,0,0,0,0.0,4.364,0.0,-4.364,0,0,0.0148608,1.0304827,DEFAULT__E,-895.57,0.0,0.0,0.0
GOLD,30/03/2023,1,SF,2__FGESL000,0,0,0,0.0,2.972,0.0,-2.972,0,0,-0.0037297,1.0118922,DEFAULT__F,-499.51,0.0,0.0,0.0
GOLD,30/03/2023,1,SF,2__GGESL000,0,0,0,0.0,5.366,0.0,-5.366,0,0,0.0008159,1.0164378,DEFAULT__G,-881.44,0.0,0.0,0.0
GOLD,30/03/2023,1,SF,2__HGESL000,0,0,0,0.0,5.561,0.0,-5.561,0,0,0.0122856,1.0279075,DEFAULT__H,-1317.087,0.0,0.0,0.0
GOLD,30/03/2023,1,SF,2__JGESL000,0,0,0,0.0,4.24,0.0,-4.24,0,0,0.0064211,1.022043,DEFAULT__J,-649.277,0.0,0.0,0.0
GOLD,30/03/2023,1,SF,2__KGESL000,0,0,0,0.0,1.112,0.0,-1.112,0,0,0.0073762,1.0229981,DEFAULT__K,-236.873,0.0,0.0,0.0
GOLD,30/03/2023,1,SF,2__LGESL000,0,0,0,0.0,2.085,0.0,-2.085,0,0,0.0125248,1.0281467,DEFAULT__L,-438.369,0.0,0.0,0.0
GOLD,30/03/2023,1,SF,2__MGESL000,0,0,0,0.0,4.838,0.0,-4.838,0,0,-0.0083696,1.0072523,DEFAULT__M,-702.354,0.0,0.0,0.0
GOLD,30/03/2023,1,SF,2__NGESL000,0,0,0,0.0,4.399,0.0,-4.399,0,0,-0.0042622,1.0113597,DEFAULT__N,-544.016,0.0,0.0,0.0
GOLD,30/03/2023,1,SF,2__PGESL000,0,0,0,0.0,0.682,0.0,-0.682,0,0,-0.0261238,0.9559255,DEFAULT__P,81.291,0.0,0.0,0.0
GOLD,30/03/2023,2,SF,2__AGESL000,0,0,0,0.0,6.818,0.0,-6.818,0,0,0.002763,1.0185929,DEFAULT__A,-1062.148,0.0,0.0,0.0
GOLD,30/03/2023,2,SF,2__BGESL000,0,0,0,0.0,4.586,0.0,-4.586,0,0,0.0061409,1.0219708,DEFAULT__B,-860.286,0.0,0.0,0.0
GOLD,30/03/2023,2,SF,2__CGESL000,0,0,0,0.0,3.761,0.0,-3.761,0,0,0.0145587,1.0303886,DEFAULT__C,-1067.125,0.0,0.0,0.0
GOLD,30/03/2023,2,SF,2__DGESL000,0,0,0,0.0,2.498,0.0,-2.498,0,0,0.0070704,1.0229003,DEFAULT__D,-434.106,0.0,0.0,0.0
GOLD,30/03/2023,2,SF,2__EGESL000,0,0,0,0.0,4.227,0.0,-4.227,0,0,0.0148608,1.0306907,DEFAULT__E,-884.226,0.0,0.0,0.0
GOLD,30/03/2023,2,SF,2__FGESL000,0,0,0,0.0,2.854,0.0,-2.854,0,0,-0.0037297,1.0121002,DEFAULT__F,-494.538,0.0,0.0,0.0
GOLD,30/03/2023,2,SF,2__GGESL000,0,0,0,0.0,4.828,0.0,-4.828,0,0,0.0008159,1.0166458,DEFAULT__G,-866.827,0.0,0.0,0.0
GOLD,30/03/2023,2,SF,2__HGESL000,0,0,0,0.0,5.901,0.0,-5.901,0,0,0.0122856,1.0281155,DEFAULT__H,-1330.161,0.0,0.0,0.0
GOLD,30/03/2023,2,SF,2__JGESL000,0,0,0,0.0,4.134,0.0,-4.134,0,0,0.0064211,1.022251,DEFAULT__J,-635.007,0.0,0.0,0.0
GOLD,30/03/2023,2,SF,2__KGESL000,0,0,0,0.0,1.066,0.0,-1.066,0,0,0.0073762,1.0232061,DEFAULT__K,-241.084,0.0,0.0,0.0
GOLD,30/03/2023,2,SF,2__LGESL000,0,0,0,0.0,2.005,0.0,-2.005,0,0,0.0125248,1.0283547,DEFAULT__L,-437.443,0.0,0.0,0.0
GOLD,30/03/2023,2,SF,2__MGESL000,0,0,0,0.0,4.594,0.0,-4.594,0,0,-0.0083696,1.0074603,DEFAULT__M,-699.225,0.0,0.0,0.0
GOLD,30/03/2023,2,SF,2__NGESL000,0,0,0,0.0,4.116,0.0,-4.116,0,0,-0.0042622,1.0115677,DEFAULT__N,-558.093,0.0,0.0,0.0
GOLD,30/03/2023,2,SF,2__PGESL000,0,0,0,0.0,0.693,0.0,-0.693,0,0,-0.0261238,0.9556215,DEFAULT__P,67.86,0.0,0.0,0.0
GOLD,30/03/2023,3,SF,2__AGESL000,0,0,0,0.0,6.68,0.0,-6.68,0,0,0.002763,1.0180598,DEFAULT__A,-1109.294,0.0,0.0,0.0
GOLD,30/03/2023,3,SF,2__BGESL000,0,0,0,0.0,4.509,0.0,-4.509,0,0,0.0061409,1.0214377,DEFAULT__B,-877.829,0.0,0.0,0.0
GOLD,30/03/2023,3,SF,2__CGESL000,0,0,0,0.0,3.393,0.0,-3.393,0,0,0.0145587,1.0298555,DEFAULT__C,-1031.745,0.0,0.0,0.0
GOLD,30/03/2023,3,SF,2__DGESL000,0,0,0,0.0,2.348,0.0,-2.348,0,0,0.0070704,1.0223672,DEFAULT__D,-407.363,0.0,0.0,0.0
GOLD,30/03/2023,3,SF,2__EGESL000,0,0,0,0.0,4.13,0.0,-4.13,0,0,0.0148608,1.0301576,DEFAULT__E,-882.044,0.0,0.0,0.0
GOLD,30/03/2023,3,SF,2__FGESL000,0,0,0,0.0,2.815,0.0,-2.815,0,0,-0.0037297,1.0115671,DEFAULT__F,-503.102,0.0,0.0,0.0
GOLD,30/03/2023,3,SF,2__GGESL000,0,0,0,0.0,4.506,0.0,-4.506,0,0,0.0008159,1.0161127,DEFAULT__G,-845.062,0.0,0.0,0.0
GOLD,30/03/2023,3,SF,2__HGESL000,0,0,0,0.0,5.584,0.0,-5.584,0,0,0.0122856,1.0275824,DEFAULT__H,-1330.996,0.0,0.0,0.0
GOLD,30/03/2023,3,SF,2__JGESL000,0,0,0,0.0,3.882,0.0,-3.882,0,0,0.0064211,1.0217179,DEFAULT__J,-620.585,0.0,0.0,0.0
GOLD,30/03/2023,3,SF,2__KGESL000,0,0,0,0.0,1.043,0.0,-1.043,0,0,0.0073762,1.022673,DEFAULT__K,-233.032,0.0,0.0,0.0
GOLD,30/03/2023,3,SF,2__LGESL000,0,0,0,0.0,2.049,0.0,-2.049,0,0,0.0125248,1.0278216,DEFAULT__L,-487.674,0.0,0.0,0.0
GOLD,30/03/2023,3,SF,2__MGESL000,0,0,0,0.0,4.292,0.0,-4.292,0,0,-0.0083696,1.0069272,DEFAULT__M,-674.431,0.0,0.0,0.0
GOLD,30/03/2023,3,SF,2__NGESL000,0,0,0,0.0,3.814,0.0,-3.814,0,0,-0.0042622,1.0110346,DEFAULT__N,-557.236,0.0,0.0,0.0
GOLD,30/03/2023,3,SF,2__PGESL000,0,0,0,0.0,0.689,0.0,-0.689,0,0,-0.0261238,0.9557611,DEFAULT__P,62.362,0.0,0.0,0.0
GOLD,30/03/2023,4,SF,2__AGESL000,0,0,0,0.0,7.477,0.0,-7.477,0,0,0.002763,1.0174972,DEFAULT__A,-1168.363,0.0,0.0,0.0
GOLD,30/03/2023,4,SF,2__BGESL000,0,0,0,0.0,4.812,0.0,-4.812,0,0,0.0061409,1.0208751,DEFAULT__B,-906.376,0.0,0.0,0.0
GOLD,30/03/2023,4,SF,2__CGESL000,0,0,0,0.0,3.362,0.0,-3.362,0,0,0.0145587,1.0292929,DEFAULT__C,-1010.171,0.0,0.0,0.0
GOLD,30/03/2023,4,SF,2__DGESL000,0,0,0,0.0,2.424,0.0,-2.424,0,0,0.0070704,1.0218046,DEFAULT__D,-403.661,0.0,0.0,0.0
GOLD,30/03/2023,4,SF,2__EGESL000,0,0,0,0.0,4.387,0.0,-4.387,0,0,0.0148608,1.029595,DEFAULT__E,-921.82,0.0,0.0,0.0
GOLD,30/03/2023,4,SF,2__FGESL000,0,0,0,0.0,2.953,0.0,-2.953,0,0,-0.0037297,1.0110045,DEFAULT__F,-495.906,0.0,0.0,0.0
GOLD,30/03/2023,4,SF,2__GGESL000,0,0,0,0.0,4.622,0.0,-4.622,0,0,0.0008159,1.0155501,DEFAULT__G,-850.769,0.0,0.0,0.0
GOLD,30/03/2023,4,SF,2__HGESL000,0,0,0,0.0,6.103,0.0,-6.103,0,0,0.0122856,1.0270198,DEFAULT__H,-1377.463,0.0,0.0,0.0
GOLD,30/03/2023,4,SF,2__JGESL000,0,0,0,0.0,3.884,0.0,-3.884,0,0,0.0064211,1.0211553,DEFAULT__J,-632.607,0.0,0.0,0.0
GOLD,30/03/2023,4,SF,2__KGESL000,0,0,0,0.0,1.054,0.0,-1.054,0,0,0.0073762,1.0221104,DEFAULT__K,-240.949,0.0,0.0,0.0
GOLD,30/03/2023,4,SF,2__LGESL000,0,0,0,0.0,2.199,0.0,-2.199,0,0,0.0125248,1.027259,DEFAULT__L,-502.536,0.0,0.0,0.0
GOLD,30/03/2023,4,SF,2__MGESL000,0,0,0,0.0,4.569,0.0,-4.569,0,0,-0.0083696,1.0063646,DEFAULT__M,-690.688,0.0,0.0,0.0
GOLD,30/03/2023,4,SF,2__NGESL000,0,0,0,0.0,3.647,0.0,-3.647,0,0,-0.0042622,1.010472,DEFAULT__N,-546.498,0.0,0.0,0.0
GOLD,30/03/2023,4,SF,2__PGESL000,0,0,0,0.0,0.668,0.0,-0.668,0,0,-0.0261238,0.9557693,DEFAULT__P,37.658,0.0,0.0,0.0
GOLD,30/03/2023,5,SF,2__AGESL000,0,0,0,0.0,7.339,0.0,-7.339,0,0,0.002763,1.0170613,DEFAULT__A,-1155.101,0.0,0.0,0.0
GOLD,30/03/2023,5,SF,2__BGESL000,0,0,0,0.0,4.779,0.0,-4.779,0,0,0.0061409,1.0204392,DEFAULT__B,-885.947,0.0,0.0,0.0
GOLD,30/03/2023,5,SF,2__CGESL000,0,0,0,0.0,3.226,0.0,-3.226,0,0,0.0145587,1.028857,DEFAULT__C,-989.358,0.0,0.0,0.0
GOLD,30/03/2023,5,SF,2__DGESL000,0,0,0,0.0,2.41,0.0,-2.41,0,0,0.0070704,1.0213687,DEFAULT__D,-381.314,0.0,0.0,0.0
GOLD,30/03/2023,5,SF,2__EGESL000,0,0,0,0.0,4.357,0.0,-4.357,0,0,0.0148608,1.0291591,DEFAULT__E,-915.354,0.0,0.0,0.0
GOLD,30/03/2023,5,SF,2__FGESL000,0,0,0,0.0,2.902,0.0,-2.902,0,0,-0.0037297,1.0105686,DEFAULT__F,-476.368,0.0,0.0,0.0
GOLD,30/03/2023,5,SF,2__GGESL000,0,0,0,0.0,4.584,0.0,-4.584,0,0,0.0008159,1.0151142,DEFAULT__G,-827.898,0.0,0.0,0.0
GOLD,30/03/2023,5,SF,2__HGESL000,0,0,0,0.0,5.882,0.0,-5.882,0,0,0.0122856,1.0265839,DEFAULT__H,-1364.752,0.0,0.0,0.0
GOLD,30/03/2023,5,SF,2__JGESL000,0,0,0,0.0,3.792,0.0,-3.792,0,0,0.0064211,1.0207194,DEFAULT__J,-614.922,0.0,0.0,0.0
GOLD,30/03/2023,5,SF,2__KGESL000,0,0,0,0.0,1.024,0.0,-1.024,0,0,0.0073762,1.0216745,DEFAULT__K,-250.646,0.0,0.0,0.0
GOLD,30/03/2023,5,SF,2__LGESL000,0,0,0,0.0,2.179,0.0,-2.179,0,0,0.0125248,1.0268231,DEFAULT__L,-500.93,0.0,0.0,0.0
GOLD,30/03/2023,5,SF,2__MGESL000,0,0,0,0.0,4.477,0.0,-4.477,0,0,-0.0083696,1.0059287,DEFAULT__M,-691.617,0.0,0.0,0.0
GOLD,30/03/2023,5,SF,2__NGESL000,0,0,0,0.0,3.475,0.0,-3.475,0,0,-0.0042622,1.0100361,DEFAULT__N,-544.522,0.0,0.0,0.0
GOLD,30/03/2023,5,SF,2__PGESL000,0,0,0,0.0,0.651,0.0,-0.651,0,0,-0.0261238,0.9557016,DEFAULT__P,21.463,0.0,0.0,0.0
GOLD,30/03/2023,6,SF,2__AGESL000,0,0,0,0.0,7.085,0.0,-7.085,0,0,0.002763,1.016592,DEFAULT__A,-1118.135,0.0,0.0,0.0
GOLD,30/03/2023,6,SF,2__BGESL000,0,0,0,0.0,4.61,0.0,-4.61,0,0,0.0061409,1.0199699,DEFAULT__B,-857.809,0.0,0.0,0.0
GOLD,30/03/2023,6,SF,2__CGESL000,0,0,0,0.0,3.089,0.0,-3.089,0,0,0.0145587,1.0283877,DEFAULT__C,-966.534,0.0,0.0,0.0
GOLD,30/03/2023,6,SF,2__DGESL000,0,0,0,0.0,2.304,0.0,-2.304,0,0,0.0070704,1.0208994,DEFAULT__D,-358.699,0.0,0.0,0.0
GOLD,30/03/2023,6,SF,2__EGESL000,0,0,0,0.0,4.208,0.0,-4.208,0,0,0.0148608,1.0286898,DEFAULT__E,-903.484,0.0,0.0,0.0
GOLD,30/03/2023,6,SF,2__FGESL000,0,0,0,0.0,2.786,0.0,-2.786,0,0,-0.0037297,1.0100993,DEFAULT__F,-462.058,0.0,0.0,0.0
GOLD,30/03/2023,6,SF,2__GGESL000,0,0,0,0.0,4.653,0.0,-4.653,0,0,0.0008159,1.0146449,DEFAULT__G,-862.872,0.0,0.0,0.0
GOLD,30/03/2023,6,SF,2__HGESL000,0,0,0,0.0,5.626,0.0,-5.626,0,0,0.0122856,1.0261146,DEFAULT__H,-1331.249,0.0,0.0,0.0
GOLD,30/03/2023,6,SF,2__JGESL000,0,0,0,0.0,3.643,0.0,-3.643,0,0,0.0064211,1.0202501,DEFAULT__J,-597.573,0.0,0.0,0.0
GOLD,30/03/2023,6,SF,2__KGESL000,0,0,0,0.0,0.973,0.0,-0.973,0,0,0.0073762,1.0212052,DEFAULT__K,-249.222,0.0,0.0,0.0
GOLD,30/03/2023,6,SF,2__LGESL000,0,0,0,0.0,2.072,0.0,-2.072,0,0,0.0125248,1.0263538,DEFAULT__L,-481.521,0.0,0.0,0.0
GOLD,30/03/2023,6,SF,2__MGESL000,0,0,0,0.0,4.319,0.0,-4.319,0,0,-0.0083696,1.0054594,DEFAULT__M,-674.918,0.0,0.0,0.0
GOLD,30/03/2023,6,SF,2__NGESL000,0,0,0,0.0,3.305,0.0,-3.305,0,0,-0.0042622,1.0095668,DEFAULT__N,-537.873,0.0,0.0,0.0
GOLD,30/03/2023,6,SF,2__PGESL000,0,0,0,0.0,0.66,0.0,-0.66,0,0,-0.0261238,0.9877052,DEFAULT__P,-1.78,0.0,0.0,0.0
GOLD,30/03/2023,7,SF,2__AGESL000,0,0,0,0.0,6.813,0.0,-6.813,0,0,0.002763,1.0165214,DEFAULT__A,-1094.597,0.0,0.0,0.0
GOLD,30/03/2023,7,SF,2__BGESL000,0,0,0,0.0,4.434,0.0,-4.434,0,0,0.0061409,1.0198993,DEFAULT__B,-839.251,0.0,0.0,0.0
GOLD,30/03/2023,7,SF,2__CGESL000,0,0,0,0.0,2.964,0.0,-2.964,0,0,0.0145587,1.0283171,DEFAULT__C,-953.303,0.0,0.0,0.0
GOLD,30/03/2023,7,SF,2__DGESL000,0,0,0,0.0,2.248,0.0,-2.248,0,0,0.0070704,1.0208288,DEFAULT__D,-317.777,0.0,0.0,0.0
GOLD,30/03/2023,7,SF,2__EGESL000,0,0,0,0.0,4.077,0.0,-4.077,0,0,0.0148608,1.0286192,DEFAULT__E,-895.991,0.0,0.0,0.0
GOLD,30/03/2023,7,SF,2__FGESL000,0,0,0,0.0,2.669,0.0,-2.669,0,0,-0.0037297,1.0100287,DEFAULT__F,-461.436,0.0,0.0,0.0
GOLD,30/03/2023,7,SF,2__GGESL000,0,0,0,0.0,4.5,0.0,-4.5,0,0,0.0008159,1.0145743,DEFAULT__G,-852.229,0.0,0.0,0.0
GOLD,30/03/2023,7,SF,2__HGESL000,0,0,0,0.0,5.337,0.0,-5.337,0,0,0.0122856,1.026044,DEFAULT__H,-1310.166,0.0,0.0,0.0
GOLD,30/03/2023,7,SF,2__JGESL000,0,0,0,0.0,3.526,0.0,-3.526,0,0,0.0064211,1.0201795,DEFAULT__J,-588.412,0.0,0.0,0.0
GOLD,30/03/2023,7,SF,2__KGESL000,0,0,0,0.0,0.936,0.0,-0.936,0,0,0.0073762,1.0211346,DEFAULT__K,-247.575,0.0,0.0,0.0
GOLD,30/03/2023,7,SF,2__LGESL000,0,0,0,0.0,1.956,0.0,-1.956,0,0,0.0125248,1.0262832,DEFAULT__L,-471.723,0.0,0.0,0.0
GOLD,30/03/2023,7,SF,2__MGESL000,0,0,0,0.0,4.206,0.0,-4.206,0,0,-0.0083696,1.0053888,DEFAULT__M,-649.124,0.0,0.0,0.0
GOLD,30/03/2023,7,SF,2__NGESL000,0,0,0,0.0,3.218,0.0,-3.218,0,0,-0.0042622,1.0094962,DEFAULT__N,-547.113,0.0,0.0,0.0
GOLD,30/03/2023,7,SF,2__PGESL000,0,0,0,0.0,0.694,0.0,-0.694,0,0,-0.0261238,0.9876346,DEFAULT__P,-21.592,0.0,0.0,0.0
GOLD,30/03/2023,8,SF,2__AGESL000,0,0,0,0.0,6.591,0.0,-6.591,0,0,0.002763,1.0156167,DEFAULT__A,-1087.108,0.0,0.0,0.0
GOLD,30/03/2023,8,SF,2__BGESL000,0,0,0,0.0,4.33,0.0,-4.33,0,0,0.0061409,1.0189946,DEFAULT__B,-817.985,0.0,0.0,0.0
GOLD,30/03/2023,8,SF,2__CGESL000,0,0,0,0.0,2.893,0.0,-2.893,0,0,0.0145587,1.0274124,DEFAULT__C,-946.608,0.0,0.0,0.0
GOLD,30/03/2023,8,SF,2__DGESL000,0,0,0,0.0,2.188,0.0,-2.188,0,0,0.0070704,1.0199241,DEFAULT__D,-280.24,0.0,0.0,0.0
GOLD,30/03/2023,8,SF,2__EGESL000,0,0,0,0.0,3.956,0.0,-3.956,0,0,0.0148608,1.0277145,DEFAULT__E,-887.905,0.0,0.0,0.0
GOLD,30/03/2023,8,SF,2__FGESL000,0,0,0,0.0,2.561,0.0,-2.561,0,0,-0.0037297,1.009124,DEFAULT__F,-488.156,0.0,0.0,0.0
GOLD,30/03/2023,8,SF,2__GGESL000,0,0,0,0.0,4.56,0.0,-4.56,0,0,0.0008159,1.0136696,DEFAULT__G,-870.726,0.0,0.0,0.0
GOLD,30/03/2023,8,SF,2__HGESL000,0,0,0,0.0,5.104,0.0,-5.104,0,0,0.0122856,1.0251393,DEFAULT__H,-1300.496,0.0,0.0,0.0
GOLD,30/03/2023,8,SF,2__JGESL000,0,0,0,0.0,3.584,0.0,-3.584,0,0,0.0064211,1.0192748,DEFAULT__J,-604.285,0.0,0.0,0.0
GOLD,30/03/2023,8,SF,2__KGESL000,0,0,0,0.0,0.917,0.0,-0.917,0,0,0.0073762,1.0202299,DEFAULT__K,-246.058,0.0,0.0,0.0
GOLD,30/03/2023,8,SF,2__LGESL000,0,0,0,0.0,1.88,0.0,-1.88,0,0,0.0125248,1.0253785,DEFAULT__L,-465.064,0.0,0.0,0.0
GOLD,30/03/2023,8,SF,2__MGESL000,0,0,0,0.0,4.1,0.0,-4.1,0,0,-0.0083696,1.0044841,DEFAULT__M,-652.359,0.0,0.0,0.0
GOLD,30/03/2023,8,SF,2__NGESL000,0,0,0,0.0,3.301,0.0,-3.301,0,0,-0.0042622,1.0085915,DEFAULT__N,-561.519,0.0,0.0,0.0
GOLD,30/03/2023,8,SF,2__PGESL000,0,0,0,0.0,0.665,0.0,-0.665,0,0,-0.0261238,0.9867299,DEFAULT__P,-35.672,0.0,0.0,0.0
GOLD,30/03/2023,9,SF,2__AGESL000,0,0,0,0.0,6.437,0.0,-6.437,0,0,0.002763,1.015771,DEFAULT__A,-1061.985,0.0,0.0,0.0
GOLD,30/03/2023,9,SF,2__BGESL000,0,0,0,0.0,4.262,0.0,-4.262,0,0,0.0061409,1.0191489,DEFAULT__B,-817.781,0.0,0.0,0.0
GOLD,30/03/2023,9,SF,2__CGESL000,0,0,0,0.0,2.903,0.0,-2.903,0,0,0.0145587,1.0275667,DEFAULT__C,-955.985,0.0,0.0,0.0
GOLD,30/03/2023,9,SF,2__DGESL000,0,0,0,0.0,2.166,0.0,-2.166,0,0,0.0070704,1.0200784,DEFAULT__D,-249.13,0.0,0.0,0.0
GOLD,30/03/2023,9,SF,2__EGESL000,0,0,0,0.0,3.892,0.0,-3.892,0,0,0.0148608,1.0278688,DEFAULT__E,-886.559,0.0,0.0,0.0
GOLD,30/03/2023,9,SF,2__FGESL000,0,0,0,0.0,2.502,0.0,-2.502,0,0,-0.0037297,1.0092783,DEFAULT__F,-491.053,0.0,0.0,0.0
GOLD,30/03/2023,9,SF,2__GGESL000,0,0,0,0.0,4.567,0.0,-4.567,0,0,0.0008159,1.0138239,DEFAULT__G,-872.401,0.0,0.0,0.0
GOLD,30/03/2023,9,SF,2__HGESL000,0,0,0,0.0,4.993,0.0,-4.993,0,0,0.0122856,1.0252936,DEFAULT__H,-1293.653,0.0,0.0,0.0
GOLD,30/03/2023,9,SF,2__JGESL000,0,0,0,0.0,3.513,0.0,-3.513,0,0,0.0064211,1.0194291,DEFAULT__J,-609.123,0.0,0.0,0.0
GOLD,30/03/2023,9,SF,2__KGESL000,0,0,0,0.0,0.897,0.0,-0.897,0,0,0.0073762,1.0203842,DEFAULT__K,-235.552,0.0,0.0,0.0
GOLD,30/03/2023,9,SF,2__LGESL000,0,0,0,0.0,1.808,0.0,-1.808,0,0,0.0125248,1.0255328,DEFAULT__L,-457.255,0.0,0.0,0.0
GOLD,30/03/2023,9,SF,2__MGESL000,0,0,0,0.0,4.095,0.0,-4.095,0,0,-0.0083696,1.0046384,DEFAULT__M,-653.575,0.0,0.0,0.0
GOLD,30/03/2023,9,SF,2__NGESL000,0,0,0,0.0,3.279,0.0,-3.279,0,0,-0.0042622,1.0087458,DEFAULT__N,-571.126,0.0,0.0,0.0
GOLD,30/03/2023,9,SF,2__PGESL000,0,0,0,0.0,0.558,0.0,-0.558,0,0,-0.0261238,0.9868842,DEFAULT__P,-54.435,0.0,0.0,0.0
GOLD,30/03/2023,10,SF,2__AGESL000,0,0,0,0.0,6.322,0.0,-6.322,0,0,0.002763,1.0159455,DEFAULT__A,-1053.774,0.0,0.0,0.0
GOLD,30/03/2023,10,SF,2__BGESL000,0,0,0,0.0,4.211,0.0,-4.211,0,0,0.0061409,1.0193234,DEFAULT__B,-815.995,0.0,0.0,0.0
GOLD,30/03/2023,10,SF,2__CGESL000,0,0,0,0.0,2.935,0.0,-2.935,0,0,0.0145587,1.0277412,DEFAULT__C,-970.226,0.0,0.0,0.0
GOLD,30/03/2023,10,SF,2__DGESL000,0,0,0,0.0,2.137,0.0,-2.137,0,0,0.0070704,1.0202529,DEFAULT__D,-255.559,0.0,0.0,0.0
GOLD,30/03/2023,10,SF,2__EGESL000,0,0,0,0.0,3.879,0.0,-3.879,0,0,0.0148608,1.0280433,DEFAULT__E,-887.479,0.0,0.0,0.0
GOLD,30/03/2023,10,SF,2__FGESL000,0,0,0,0.0,2.486,0.0,-2.486,0,0,-0.0037297,1.0094528,DEFAULT__F,-491.829,0.0,0.0,0.0
GOLD,30/03/2023,10,SF,2__GGESL000,0,0,0,0.0,4.56,0.0,-4.56,0,0,0.0008159,1.0139984,DEFAULT__G,-858.06,0.0,0.0,0.0
GOLD,30/03/2023,10,SF,2__HGESL000,0,0,0,0.0,5.014,0.0,-5.014,0,0,0.0122856,1.0254681,DEFAULT__H,-1307.839,0.0,0.0,0.0
GOLD,30/03/2023,10,SF,2__JGESL000,0,0,0,0.0,3.463,0.0,-3.463,0,0,0.0064211,1.0196036,DEFAULT__J,-610.198,0.0,0.0,0.0
GOLD,30/03/2023,10,SF,2__KGESL000,0,0,0,0.0,0.895,0.0,-0.895,0,0,0.0073762,1.0205587,DEFAULT__K,-243.642,0.0,0.0,0.0
GOLD,30/03/2023,10,SF,2__LGESL000,0,0,0,0.0,1.755,0.0,-1.755,0,0,0.0125248,1.0257073,DEFAULT__L,-448.448,0.0,0.0,0.0
GOLD,30/03/2023,10,SF,2__MGESL000,0,0,0,0.0,4.08,0.0,-4.08,0,0,-0.0083696,1.0048129,DEFAULT__M,-637.312,0.0,0.0,0.0
GOLD,30/03/2023,10,SF,2__NGESL000,0,0,0,0.0,2.913,0.0,-2.913,0,0,-0.0042622,1.0089203,DEFAULT__N,-578.002,0.0,0.0,0.0
GOLD,30/03/2023,10,SF,2__PGESL000,0,0,0,0.0,0.554,0.0,-0.554,0,0,-0.0261238,0.9870587,DEFAULT__P,-63.31,0.0,0.0,0.0
GOLD,30/03/2023,11,SF,2__AGESL000,0,0,0,0.0,6.381,0.0,-6.381,0,0,0.002763,1.0159629,DEFAULT__A,-1087.857,0.0,0.0,0.0
GOLD,30/03/2023,11,SF,2__BGESL000,0,0,0,0.0,4.281,0.0,-4.281,0,0,0.0061409,1.0193408,DEFAULT__B,-831.24,0.0,0.0,0.0
GOLD,30/03/2023,11,SF,2__CGESL000,0,0,0,0.0,2.956,0.0,-2.956,0,0,0.0145587,1.0277586,DEFAULT__C,-1005.517,0.0,0.0,0.0
GOLD,30/03/2023,11,SF,2__DGESL000,0,0,0,0.0,2.173,0.0,-2.173,0,0,0.0070704,1.0202703,DEFAULT__D,-288.297,0.0,0.0,0.0
GOLD,30/03/2023,11,SF,2__EGESL000,0,0,0,0.0,3.93,0.0,-3.93,0,0,0.0148608,1.0280607,DEFAULT__E,-909.772,0.0,0.0,0.0
GOLD,30/03/2023,11,SF,2__FGESL000,0,0,0,0.0,2.526,0.0,-2.526,0,0,-0.0037297,1.0094702,DEFAULT__F,-507.744,0.0,0.0,0.0
GOLD,30/03/2023,11,SF,2__GGESL000,0,0,0,0.0,4.613,0.0,-4.613,0,0,0.0008159,1.0140158,DEFAULT__G,-858.173,0.0,0.0,0.0
GOLD,30/03/2023,11,SF,2__HGESL000,0,0,0,0.0,5.037,0.0,-5.037,0,0,0.0122856,1.0254855,DEFAULT__H,-1333.052,0.0,0.0,0.0
GOLD,30/03/2023,11,SF,2__JGESL000,0,0,0,0.0,3.531,0.0,-3.531,0,0,0.0064211,1.019621,DEFAULT__J,-635.472,0.0,0.0,0.0
GOLD,30/03/2023,11,SF,2__KGESL000,0,0,0,0.0,0.911,0.0,-0.911,0,0,0.0073762,1.0205761,DEFAULT__K,-249.48,0.0,0.0,0.0
GOLD,30/03/2023,11,SF,2__LGESL000,0,0,0,0.0,1.764,0.0,-1.764,0,0,0.0125248,1.0257247,DEFAULT__L,-448.782,0.0,0.0,0.0
GOLD,30/03/2023,11,SF,2__MGESL000,0,0,0,0.0,4.146,0.0,-4.146,0,0,-0.0083696,1.0048303,DEFAULT__M,-629.257,0.0,0.0,0.0
GOLD,30/03/2023,11,SF,2__NGESL000,0,0,0,0.0,3.101,0.0,-3.101,0,0,-0.0042622,1.0089377,DEFAULT__N,-607.654,0.0,0.0,0.0
GOLD,30/03/2023,11,SF,2__PGESL000,0,0,0,0.0,0.557,0.0,-0.557,0,0,-0.0261238,0.9870761,DEFAULT__P,-89.555,0.0,0.0,0.0
GOLD,30/03/2023,12,SF,2__AGESL000,0,0,0,0.0,6.589,0.0,-6.589,0,0,0.002763,1.0155761,DEFAULT__A,-1168.79,0.0,0.0,0.0
GOLD,30/03/2023,12,SF,2__BGESL000,0,0,0,0.0,4.442,0.0,-4.442,0,0,0.0061409,1.018954,DEFAULT__B,-876.899,0.0,0.0,0.0
GOLD,30/03/2023,12,SF,2__CGESL000,0,0,0,0.0,3.019,0.0,-3.019,0,0,0.0145587,1.0273718,DEFAULT__C,-1051.784,0.0,0.0,0.0
GOLD,30/03/2023,12,SF,2__DGESL000,0,0,0,0.0,2.276,0.0,-2.276,0,0,0.0070704,1.0198835,DEFAULT__D,-321.215,0.0,0.0,0.0
GOLD,30/03/2023,12,SF,2__EGESL000,0,0,0,0.0,4.046,0.0,-4.046,0,0,0.0148608,1.0276739,DEFAULT__E,-945.089,0.0,0.0,0.0
GOLD,30/03/2023,12,SF,2__FGESL000,0,0,0,0.0,2.65,0.0,-2.65,0,0,-0.0037297,1.0090834,DEFAULT__F,-539.665,0.0,0.0,0.0
GOLD,30/03/2023,12,SF,2__GGESL000,0,0,0,0.0,4.647,0.0,-4.647,0,0,0.0008159,1.013629,DEFAULT__G,-835.343,0.0,0.0,0.0
GOLD,30/03/2023,12,SF,2__HGESL000,0,0,0,0.0,5.245,0.0,-5.245,0,0,0.0122856,1.0250987,DEFAULT__H,-1373.509,0.0,0.0,0.0
GOLD,30/03/2023,12,SF,2__JGESL000,0,0,0,0.0,3.676,0.0,-3.676,0,0,0.0064211,1.0192342,DEFAULT__J,-695.202,0.0,0.0,0.0
GOLD,30/03/2023,12,SF,2__KGESL000,0,0,0,0.0,0.947,0.0,-0.947,0,0,0.0073762,1.0201893,DEFAULT__K,-251.245,0.0,0.0,0.0
GOLD,30/03/2023,12,SF,2__LGESL000,0,0,0,0.0,1.822,0.0,-1.822,0,0,0.0125248,1.0253379,DEFAULT__L,-460.432,0.0,0.0,0.0
GOLD,30/03/2023,12,SF,2__MGESL000,0,0,0,0.0,4.292,0.0,-4.292,0,0,-0.0083696,1.0044435,DEFAULT__M,-668.956,0.0,0.0,0.0
GOLD,30/03/2023,12,SF,2__NGESL000,0,0,0,0.0,3.336,0.0,-3.336,0,0,-0.0042622,1.0085509,DEFAULT__N,-640.025,0.0,0.0,0.0
GOLD,30/03/2023,12,SF,2__PGESL000,0,0,0,0.0,0.571,0.0,-0.571,0,0,-0.0261238,0.9866893,DEFAULT__P,-101.715,0.0,0.0,0.0
GOLD,30/03/2023,13,SF,2__AGESL000,0,0,0,0.0,7.355,0.0,-7.355,0,0,0.002763,1.0143325,DEFAULT__A,-1282.737,0.0,0.0,0.0
GOLD,30/03/2023,13,SF,2__BGESL000,0,0,0,0.0,5.05,0.0,-5.05,0,0,0.0061409,1.0177104,DEFAULT__B,-1015.519,0.0,0.0,0.0
GOLD,30/03/2023,13,SF,2__CGESL000,0,0,0,0.0,3.284,0.0,-3.284,0,0,0.0145587,1.0261282,DEFAULT__C,-1157.504,0.0,0.0,0.0
GOLD,30/03/2023,13,SF,2__DGESL000,0,0,0,0.0,2.627,0.0,-2.627,0,0,0.0070704,1.0186399,DEFAULT__D,-402.428,0.0,0.0,0.0
GOLD,30/03/2023,13,SF,2__EGESL000,0,0,0,0.0,4.561,0.0,-4.561,0,0,0.0148608,1.0264303,DEFAULT__E,-1063.508,0.0,0.0,0.0
GOLD,30/03/2023,13,SF,2__FGESL000,0,0,0,0.0,3.036,0.0,-3.036,0,0,-0.0037297,1.0078398,DEFAULT__F,-580.539,0.0,0.0,0.0
GOLD,30/03/2023,13,SF,2__GGESL000,0,0,0,0.0,5.204,0.0,-5.204,0,0,0.0008159,1.0123854,DEFAULT__G,-930.287,0.0,0.0,0.0
GOLD,30/03/2023,13,SF,2__HGESL000,0,0,0,0.0,5.896,0.0,-5.896,0,0,0.0122856,1.0238551,DEFAULT__H,-1480.265,0.0,0.0,0.0
GOLD,30/03/2023,13,SF,2__JGESL000,0,0,0,0.0,4.146,0.0,-4.146,0,0,0.0064211,1.0179906,DEFAULT__J,-775.33,0.0,0.0,0.0
GOLD,30/03/2023,13,SF,2__KGESL000,0,0,0,0.0,1.073,0.0,-1.073,0,0,0.0073762,1.0189457,DEFAULT__K,-289.874,0.0,0.0,0.0
GOLD,30/03/2023,13,SF,2__LGESL000,0,0,0,0.0,2.051,0.0,-2.051,0,0,0.0125248,1.0240943,DEFAULT__L,-507.565,0.0,0.0,0.0
GOLD,30/03/2023,13,SF,2__MGESL000,0,0,0,0.0,4.856,0.0,-4.856,0,0,-0.0083696,1.0031999,DEFAULT__M,-718.112,0.0,0.0,0.0
GOLD,30/03/2023,13,SF,2__NGESL000,0,0,0,0.0,3.904,0.0,-3.904,0,0,-0.0042622,1.0073073,DEFAULT__N,-712.15,0.0,0.0,0.0
GOLD,30/03/2023,13,SF,2__PGESL000,0,0,0,0.0,0.62,0.0,-0.62,0,0,-0.0261238,0.9854457,DEFAULT__P,-108.499,0.0,0.0,0.0
GOLD,30/03/2023,14,SF,2__AGESL000,0,0,0,0.0,8.313,0.0,-8.313,0,0,0.002763,1.0140281,DEFAULT__A,-1413.092,0.0,0.0,0.0
GOLD,30/03/2023,14,SF,2__BGESL000,0,0,0,0.0,5.759,0.0,-5.759,0,0,0.0061409,1.017406,DEFAULT__B,-1128.255,0.0,0.0,0.0
GOLD,30/03/2023,14,SF,2__CGESL000,0,0,0,0.0,3.699,0.0,-3.699,0,0,0.0145587,1.0258238,DEFAULT__C,-1236.804,0.0,0.0,0.0
GOLD,30/03/2023,14,SF,2__DGESL000,0,0,0,0.0,3.099,0.0,-3.099,0,0,0.0070704,1.0183355,DEFAULT__D,-481.296,0.0,0.0,0.0
GOLD,30/03/2023,14,SF,2__EGESL000,0,0,0,0.0,5.279,0.0,-5.279,0,0,0.0148608,1.0261259,DEFAULT__E,-1149.698,0.0,0.0,0.0
GOLD,30/03/2023,14,SF,2__FGESL000,0,0,0,0.0,3.558,0.0,-3.558,0,0,-0.0037297,1.0075354,DEFAULT__F,-625.019,0.0,0.0,0.0
GOLD,30/03/2023,14,SF,2__GGESL000,0,0,0,0.0,5.957,0.0,-5.957,0,0,0.0008159,1.012081,DEFAULT__G,-1017.195,0.0,0.0,0.0
GOLD,30/03/2023,14,SF,2__HGESL000,0,0,0,0.0,6.777,0.0,-6.777,0,0,0.0122856,1.0235507,DEFAULT__H,-1580.948,0.0,0.0,0.0
GOLD,30/03/2023,14,SF,2__JGESL000,0,0,0,0.0,4.762,0.0,-4.762,0,0,0.0064211,1.0176862,DEFAULT__J,-842.47,0.0,0.0,0.0
GOLD,30/03/2023,14,SF,2__KGESL000,0,0,0,0.0,1.255,0.0,-1.255,0,0,0.0073762,1.0186413,DEFAULT__K,-337.328,0.0,0.0,0.0
GOLD,30/03/2023,14,SF,2__LGESL000,0,0,0,0.0,2.409,0.0,-2.409,0,0,0.0125248,1.0237899,DEFAULT__L,-575.447,0.0,0.0,0.0
GOLD,30/03/2023,14,SF,2__MGESL000,0,0,0,0.0,5.639,0.0,-5.639,0,0,-0.0083696,1.0028955,DEFAULT__M,-736.592,0.0,0.0,0.0
GOLD,30/03/2023,14,SF,2__NGESL000,0,0,0,0.0,4.682,0.0,-4.682,0,0,-0.0042622,1.0070029,DEFAULT__N,-758.808,0.0,0.0,0.0
GOLD,30/03/2023,14,SF,2__PGESL000,0,0,0,0.0,0.713,0.0,-0.713,0,0,-0.0261238,0.9851413,DEFAULT__P,-135.092,0.0,0.0,0.0
GOLD,30/03/2023,15,SF,2__AGESL000,0,0,0,0.0,8.997,0.0,-8.997,0,0,0.002763,1.0136459,DEFAULT__A,-1567.471,0.0,0.0,0.0
GOLD,30/03/2023,15,SF,2__BGESL000,0,0,0,0.0,6.424,0.0,-6.424,0,0,0.0061409,1.0170238,DEFAULT__B,-1218.78,0.0,0.0,0.0
GOLD,30/03/2023,15,SF,2__CGESL000,0,0,0,0.0,3.968,0.0,-3.968,0,0,0.0145587,1.0254416,DEFAULT__C,-1364.794,0.0,0.0,0.0
GOLD,30/03/2023,15,SF,2__DGESL000,0,0,0,0.0,3.597,0.0,-3.597,0,0,0.0070704,1.0179533,DEFAULT__D,-585.958,0.0,0.0,0.0
GOLD,30/03/2023,15,SF,2__EGESL000,0,0,0,0.0,5.925,0.0,-5.925,0,0,0.0148608,1.0257437,DEFAULT__E,-1278.135,0.0,0.0,0.0
GOLD,30/03/2023,15,SF,2__FGESL000,0,0,0,0.0,4.063,0.0,-4.063,0,0,-0.0037297,1.0071532,DEFAULT__F,-719.244,0.0,0.0,0.0
GOLD,30/03/2023,15,SF,2__GGESL000,0,0,0,0.0,6.523,0.0,-6.523,0,0,0.0008159,1.0116988,DEFAULT__G,-1139.641,0.0,0.0,0.0
GOLD,30/03/2023,15,SF,2__HGESL000,0,0,0,0.0,7.542,0.0,-7.542,0,0,0.0122856,1.0231685,DEFAULT__H,-1724.786,0.0,0.0,0.0
GOLD,30/03/2023,15,SF,2__JGESL000,0,0,0,0.0,5.251,0.0,-5.251,0,0,0.0064211,1.017304,DEFAULT__J,-936.612,0.0,0.0,0.0
GOLD,30/03/2023,15,SF,2__KGESL000,0,0,0,0.0,1.443,0.0,-1.443,0,0,0.0073762,1.0182591,DEFAULT__K,-389.559,0.0,0.0,0.0
GOLD,30/03/2023,15,SF,2__LGESL000,0,0,0,0.0,2.714,0.0,-2.714,0,0,0.0125248,1.0234077,DEFAULT__L,-655.177,0.0,0.0,0.0
GOLD,30/03/2023,15,SF,2__MGESL000,0,0,0,0.0,6.326,0.0,-6.326,0,0,-0.0083696,1.0025133,DEFAULT__M,-844.797,0.0,0.0,0.0
GOLD,30/03/2023,15,SF,2__NGESL000,0,0,0,0.0,5.597,0.0,-5.597,0,0,-0.0042622,1.0066207,DEFAULT__N,-835.891,0.0,0.0,0.0
GOLD,30/03/2023,15,SF,2__PGESL000,0,0,0,0.0,0.805,0.0,-0.805,0,0,-0.0261238,0.9847591,DEFAULT__P,-155.249,0.0,0.0,0.0
GOLD,30/03/2023,16,SF,2__AGESL000,0,0,0,0.0,9.524,0.0,-9.524,0,0,0.002763,1.0134243,DEFAULT__A,-1539.38,0.0,0.0,0.0
GOLD,30/03/2023,16,SF,2__BGESL000,0,0,0,0.0,6.89,0.0,-6.89,0,0,0.0061409,1.0168022,DEFAULT__B,-1251.092,0.0,0.0,0.0
GOLD,30/03/2023,16,SF,2__CGESL000,0,0,0,0.0,4.251,0.0,-4.251,0,0,0.0145587,1.02522,DEFAULT__C,-1424.438,0.0,0.0,0.0
GOLD,30/03/2023,16,SF,2__DGESL000,0,0,0,0.0,4.077,0.0,-4.077,0,0,0.0070704,1.0177317,DEFAULT__D,-625.126,0.0,0.0,0.0
GOLD,30/03/2023,16,SF,2__EGESL000,0,0,0,0.0,6.365,0.0,-6.365,0,0,0.0148608,1.0255221,DEFAULT__E,-1354.642,0.0,0.0,0.0
GOLD,30/03/2023,16,SF,2__FGESL000,0,0,0,0.0,4.462,0.0,-4.462,0,0,-0.0037297,1.0069316,DEFAULT__F,-757.574,0.0,0.0,0.0
GOLD,30/03/2023,16,SF,2__GGESL000,0,0,0,0.0,7.149,0.0,-7.149,0,0,0.0008159,1.0114772,DEFAULT__G,-1179.957,0.0,0.0,0.0
GOLD,30/03/2023,16,SF,2__HGESL000,0,0,0,0.0,8.139,0.0,-8.139,0,0,0.0122856,1.0229469,DEFAULT__H,-1756.935,0.0,0.0,0.0
GOLD,30/03/2023,16,SF,2__JGESL000,0,0,0,0.0,5.553,0.0,-5.553,0,0,0.0064211,1.0170824,DEFAULT__J,-960.352,0.0,0.0,0.0
GOLD,30/03/2023,16,SF,2__KGESL000,0,0,0,0.0,1.593,0.0,-1.593,0,0,0.0073762,1.0180375,DEFAULT__K,-411.43,0.0,0.0,0.0
GOLD,30/03/2023,16,SF,2__LGESL000,0,0,0,0.0,2.94,0.0,-2.94,0,0,0.0125248,1.0231861,DEFAULT__L,-682.441,0.0,0.0,0.0
GOLD,30/03/2023,16,SF,2__MGESL000,0,0,0,0.0,6.878,0.0,-6.878,0,0,-0.0083696,1.0022917,DEFAULT__M,-888.232,0.0,0.0,0.0
GOLD,30/03/2023,16,SF,2__NGESL000,0,0,0,0.0,6.166,0.0,-6.166,0,0,-0.0042622,1.0063991,DEFAULT__N,-882.385,0.0,0.0,0.0
GOLD,30/03/2023,16,SF,2__PGESL000,0,0,0,0.0,0.869,0.0,-0.869,0,0,-0.0261238,0.9845375,DEFAULT__P,-161.662,0.0,0.0,0.0
GOLD,30/03/2023,17,SF,2__AGESL000,0,0,0,0.0,9.718,0.0,-9.718,0,0,0.002763,1.0129243,DEFAULT__A,-1502.722,0.0,0.0,0.0
GOLD,30/03/2023,17,SF,2__BGESL000,0,0,0,0.0,6.899,0.0,-6.899,0,0,0.0061409,1.0163022,DEFAULT__B,-1232.738,0.0,0.0,0.0
GOLD,30/03/2023,17,SF,2__CGESL000,0,0,0,0.0,4.412,0.0,-4.412,0,0,0.0145587,1.02472,DEFAULT__C,-1494.403,0.0,0.0,0.0
GOLD,30/03/2023,17,SF,2__DGESL000,0,0,0,0.0,4.176,0.0,-4.176,0,0,0.0070704,1.0172317,DEFAULT__D,-636.521,0.0,0.0,0.0
GOLD,30/03/2023,17,SF,2__EGESL000,0,0,0,0.0,6.387,0.0,-6.387,0,0,0.0148608,1.0250221,DEFAULT__E,-1398.514,0.0,0.0,0.0
GOLD,30/03/2023,17,SF,2__FGESL000,0,0,0,0.0,4.612,0.0,-4.612,0,0,-0.0037297,1.0064316,DEFAULT__F,-784.67,0.0,0.0,0.0
GOLD,30/03/2023,17,SF,2__GGESL000,0,0,0,0.0,7.312,0.0,-7.312,0,0,0.0008159,1.0109772,DEFAULT__G,-1211.355,0.0,0.0,0.0
GOLD,30/03/2023,17,SF,2__HGESL000,0,0,0,0.0,8.293,0.0,-8.293,0,0,0.0122856,1.0224469,DEFAULT__H,-1771.015,0.0,0.0,0.0
GOLD,30/03/2023,17,SF,2__JGESL000,0,0,0,0.0,5.601,0.0,-5.601,0,0,0.0064211,1.0165824,DEFAULT__J,-982.463,0.0,0.0,0.0
GOLD,30/03/2023,17,SF,2__KGESL000,0,0,0,0.0,1.647,0.0,-1.647,0,0,0.0073762,1.0175375,DEFAULT__K,-408.868,0.0,0.0,0.0
GOLD,30/03/2023,17,SF,2__LGESL000,0,0,0,0.0,3.061,0.0,-3.061,0,0,0.0125248,1.0226861,DEFAULT__L,-655.622,0.0,0.0,0.0
GOLD,30/03/2023,17,SF,2__MGESL000,0,0,0,0.0,6.923,0.0,-6.923,0,0,-0.0083696,1.0017917,DEFAULT__M,-928.236,0.0,0.0,0.0
GOLD,30/03/2023,17,SF,2__NGESL000,0,0,0,0.0,6.316,0.0,-6.316,0,0,-0.0042622,1.0058991,DEFAULT__N,-918.45,0.0,0.0,0.0
GOLD,30/03/2023,17,SF,2__PGESL000,0,0,0,0.0,0.868,0.0,-0.868,0,0,-0.0261238,0.9840375,DEFAULT__P,-175.895,0.0,0.0,0.0
GOLD,30/03/2023,18,SF,2__AGESL000,0,0,0,0.0,8.996,0.0,-8.996,0,0,0.002763,1.0129413,DEFAULT__A,-1454.433,0.0,0.0,0.0
GOLD,30/03/2023,18,SF,2__BGESL000,0,0,0,0.0,6.473,0.0,-6.473,0,0,0.0061409,1.0163192,DEFAULT__B,-1195.071,0.0,0.0,0.0
GOLD,30/03/2023,18,SF,2__CGESL000,0,0,0,0.0,4.22,0.0,-4.22,0,0,0.0145587,1.024737,DEFAULT__C,-1530.576,0.0,0.0,0.0
GOLD,30/03/2023,18,SF,2__DGESL000,0,0,0,0.0,4.067,0.0,-4.067,0,0,0.0070704,1.0172487,DEFAULT__D,-617.415,0.0,0.0,0.0
GOLD,30/03/2023,18,SF,2__EGESL000,0,0,0,0.0,6.187,0.0,-6.187,0,0,0.0148608,1.0250391,DEFAULT__E,-1399.696,0.0,0.0,0.0
GOLD,30/03/2023,18,SF,2__FGESL000,0,0,0,0.0,4.396,0.0,-4.396,0,0,-0.0037297,1.0064486,DEFAULT__F,-783.673,0.0,0.0,0.0
GOLD,30/03/2023,18,SF,2__GGESL000,0,0,0,0.0,7.054,0.0,-7.054,0,0,0.0008159,1.0109942,DEFAULT__G,-1219.135,0.0,0.0,0.0
GOLD,30/03/2023,18,SF,2__HGESL000,0,0,0,0.0,7.961,0.0,-7.961,0,0,0.0122856,1.0224639,DEFAULT__H,-1711.423,0.0,0.0,0.0
GOLD,30/03/2023,18,SF,2__JGESL000,0,0,0,0.0,5.476,0.0,-5.476,0,0,0.0064211,1.0165994,DEFAULT__J,-963.77,0.0,0.0,0.0
GOLD,30/03/2023,18,SF,2__KGESL000,0,0,0,0.0,1.597,0.0,-1.597,0,0,0.0073762,1.0175545,DEFAULT__K,-403.325,0.0,0.0,0.0
GOLD,30/03/2023,18,SF,2__LGESL000,0,0,0,0.0,2.846,0.0,-2.846,0,0,0.0125248,1.0227031,DEFAULT__L,-627.187,0.0,0.0,0.0
GOLD,30/03/2023,18,SF,2__MGESL000,0,0,0,0.0,6.613,0.0,-6.613,0,0,-0.0083696,1.0018087,DEFAULT__M,-955.82,0.0,0.0,0.0
GOLD,30/03/2023,18,SF,2__NGESL000,0,0,0,0.0,6.182,0.0,-6.182,0,0,-0.0042622,1.0059161,DEFAULT__N,-939.264,0.0,0.0,0.0
GOLD,30/03/2023,18,SF,2__PGESL000,0,0,0,0.0,0.89,0.0,-0.89,0,0,-0.0261238,0.9840545,DEFAULT__P,-170.394,0.0,0.0,0.0
GOLD,30/03/2023,19,SF,2__AGESL000,0,0,0,0.0,9.093,0.0,-9.093,0,0,0.002763,1.0129942,DEFAULT__A,-1436.719,0.0,0.0,0.0
GOLD,30/03/2023,19,SF,2__BGESL000,0,0,0,0.0,6.55,0.0,-6.55,0,0,0.0061409,1.0163721,DEFAULT__B,-1179.286,0.0,0.0,0.0
GOLD,30/03/2023,19,SF,2__CGESL000,0,0,0,0.0,4.278,0.0,-4.278,0,0,0.0145587,1.0247899,DEFAULT__C,-1562.934,0.0,0.0,0.0
GOLD,30/03/2023,19,SF,2__DGESL000,0,0,0,0.0,4.151,0.0,-4.151,0,0,0.0070704,1.0173016,DEFAULT__D,-652.089,0.0,0.0,0.0
GOLD,30/03/2023,19,SF,2__EGESL000,0,0,0,0.0,6.246,0.0,-6.246,0,0,0.0148608,1.025092,DEFAULT__E,-1408.991,0.0,0.0,0.0
GOLD,30/03/2023,19,SF,2__FGESL000,0,0,0,0.0,4.478,0.0,-4.478,0,0,-0.0037297,1.0065015,DEFAULT__F,-773.82,0.0,0.0,0.0
GOLD,30/03/2023,19,SF,2__GGESL000,0,0,0,0.0,7.295,0.0,-7.295,0,0,0.0008159,1.0110471,DEFAULT__G,-1277.891,0.0,0.0,0.0
GOLD,30/03/2023,19,SF,2__HGESL000,0,0,0,0.0,7.987,0.0,-7.987,0,0,0.0122856,1.0225168,DEFAULT__H,-1713.322,0.0,0.0,0.0
GOLD,30/03/2023,19,SF,2__JGESL000,0,0,0,0.0,5.501,0.0,-5.501,0,0,0.0064211,1.0166523,DEFAULT__J,-978.553,0.0,0.0,0.0
GOLD,30/03/2023,19,SF,2__KGESL000,0,0,0,0.0,1.618,0.0,-1.618,0,0,0.0073762,1.0176074,DEFAULT__K,-410.051,0.0,0.0,0.0
GOLD,30/03/2023,19,SF,2__LGESL000,0,0,0,0.0,2.79,0.0,-2.79,0,0,0.0125248,1.022756,DEFAULT__L,-603.733,0.0,0.0,0.0
GOLD,30/03/2023,19,SF,2__MGESL000,0,0,0,0.0,6.619,0.0,-6.619,0,0,-0.0083696,1.0018616,DEFAULT__M,-983.894,0.0,0.0,0.0
GOLD,30/03/2023,19,SF,2__NGESL000,0,0,0,0.0,6.211,0.0,-6.211,0,0,-0.0042622,1.005969,DEFAULT__N,-952.841,0.0,0.0,0.0
GOLD,30/03/2023,19,SF,2__PGESL000,0,0,0,0.0,0.881,0.0,-0.881,0,0,-0.0261238,0.9841074,DEFAULT__P,-176.392,0.0,0.0,0.0
GOLD,30/03/2023,20,SF,2__AGESL000,0,0,0,0.0,9.127,0.0,-9.127,0,0,0.002763,1.0128323,DEFAULT__A,-1413.96,0.0,0.0,0.0
GOLD,30/03/2023,20,SF,2__BGESL000,0,0,0,0.0,6.626,0.0,-6.626,0,0,0.0061409,1.0162102,DEFAULT__B,-1190.534,0.0,0.0,0.0
GOLD,30/03/2023,20,SF,2__CGESL000,0,0,0,0.0,4.3,0.0,-4.3,0,0,0.0145587,1.024628,DEFAULT__C,-1579.347,0.0,0.0,0.0
GOLD,30/03/2023,20,SF,2__DGESL000,0,0,0,0.0,4.161,0.0,-4.161,0,0,0.0070704,1.0171397,DEFAULT__D,-617.02,0.0,0.0,0.0
GOLD,30/03/2023,20,SF,2__EGESL000,0,0,0,0.0,6.277,0.0,-6.277,0,0,0.0148608,1.0249301,DEFAULT__E,-1407.939,0.0,0.0,0.0
GOLD,30/03/2023,20,SF,2__FGESL000,0,0,0,0.0,4.458,0.0,-4.458,0,0,-0.0037297,1.0063396,DEFAULT__F,-755.172,0.0,0.0,0.0
GOLD,30/03/2023,20,SF,2__GGESL000,0,0,0,0.0,7.423,0.0,-7.423,0,0,0.0008159,1.0108852,DEFAULT__G,-1320.005,0.0,0.0,0.0
GOLD,30/03/2023,20,SF,2__HGESL000,0,0,0,0.0,7.897,0.0,-7.897,0,0,0.0122856,1.0223549,DEFAULT__H,-1645.384,0.0,0.0,0.0
GOLD,30/03/2023,20,SF,2__JGESL000,0,0,0,0.0,5.537,0.0,-5.537,0,0,0.0064211,1.0164904,DEFAULT__J,-974.854,0.0,0.0,0.0
GOLD,30/03/2023,20,SF,2__KGESL000,0,0,0,0.0,1.621,0.0,-1.621,0,0,0.0073762,1.0174455,DEFAULT__K,-398.334,0.0,0.0,0.0
GOLD,30/03/2023,20,SF,2__LGESL000,0,0,0,0.0,2.769,0.0,-2.769,0,0,0.0125248,1.0225941,DEFAULT__L,-573.339,0.0,0.0,0.0
GOLD,30/03/2023,20,SF,2__MGESL000,0,0,0,0.0,6.582,0.0,-6.582,0,0,-0.0083696,1.0016997,DEFAULT__M,-977.479,0.0,0.0,0.0
GOLD,30/03/2023,20,SF,2__NGESL000,0,0,0,0.0,6.239,0.0,-6.239,0,0,-0.0042622,1.0058071,DEFAULT__N,-951.282,0.0,0.0,0.0
GOLD,30/03/2023,20,SF,2__PGESL000,0,0,0,0.0,0.904,0.0,-0.904,0,0,-0.0261238,0.9839455,DEFAULT__P,-190.3,0.0,0.0,0.0
GOLD,30/03/2023,21,SF,2__AGESL000,0,0,0,0.0,8.929,0.0,-8.929,0,0,0.002763,1.0129155,DEFAULT__A,-1380.216,0.0,0.0,0.0
GOLD,30/03/2023,21,SF,2__BGESL000,0,0,0,0.0,6.468,0.0,-6.468,0,0,0.0061409,1.0162934,DEFAULT__B,-1140.897,0.0,0.0,0.0
GOLD,30/03/2023,21,SF,2__CGESL000,0,0,0,0.0,4.346,0.0,-4.346,0,0,0.0145587,1.0247112,DEFAULT__C,-1600.213,0.0,0.0,0.0
GOLD,30/03/2023,21,SF,2__DGESL000,0,0,0,0.0,4.129,0.0,-4.129,0,0,0.0070704,1.0172229,DEFAULT__D,-580.147,0.0,0.0,0.0
GOLD,30/03/2023,21,SF,2__EGESL000,0,0,0,0.0,6.181,0.0,-6.181,0,0,0.0148608,1.0250133,DEFAULT__E,-1358.45,0.0,0.0,0.0
GOLD,30/03/2023,21,SF,2__FGESL000,0,0,0,0.0,4.359,0.0,-4.359,0,0,-0.0037297,1.0064228,DEFAULT__F,-727.208,0.0,0.0,0.0
GOLD,30/03/2023,21,SF,2__GGESL000,0,0,0,0.0,7.412,0.0,-7.412,0,0,0.0008159,1.0109684,DEFAULT__G,-1323.037,0.0,0.0,0.0
GOLD,30/03/2023,21,SF,2__HGESL000,0,0,0,0.0,7.723,0.0,-7.723,0,0,0.0122856,1.0224381,DEFAULT__H,-1609.069,0.0,0.0,0.0
GOLD,30/03/2023,21,SF,2__JGESL000,0,0,0,0.0,5.497,0.0,-5.497,0,0,0.0064211,1.0165736,DEFAULT__J,-951.188,0.0,0.0,0.0
GOLD,30/03/2023,21,SF,2__KGESL000,0,0,0,0.0,1.599,0.0,-1.599,0,0,0.0073762,1.0175287,DEFAULT__K,-371.114,0.0,0.0,0.0
GOLD,30/03/2023,21,SF,2__LGESL000,0,0,0,0.0,2.687,0.0,-2.687,0,0,0.0125248,1.0226773,DEFAULT__L,-520.255,0.0,0.0,0.0
GOLD,30/03/2023,21,SF,2__MGESL000,0,0,0,0.0,6.516,0.0,-6.516,0,0,-0.0083696,1.0017829,DEFAULT__M,-1000.898,0.0,0.0,0.0
GOLD,30/03/2023,21,SF,2__NGESL000,0,0,0,0.0,6.151,0.0,-6.151,0,0,-0.0042622,1.0058903,DEFAULT__N,-941.41,0.0,0.0,0.0
GOLD,30/03/2023,21,SF,2__PGESL000,0,0,0,0.0,0.838,0.0,-0.838,0,0,-0.0261238,0.9840287,DEFAULT__P,-181.556,0.0,0.0,0.0
GOLD,30/03/2023,22,SF,2__AGESL000,0,0,0,0.0,8.858,0.0,-8.858,0,0,0.002763,1.0133003,DEFAULT__A,-1326.435,0.0,0.0,0.0
GOLD,30/03/2023,22,SF,2__BGESL000,0,0,0,0.0,6.394,0.0,-6.394,0,0,0.0061409,1.0166782,DEFAULT__B,-1052.136,0.0,0.0,0.0
GOLD,30/03/2023,22,SF,2__CGESL000,0,0,0,0.0,4.466,0.0,-4.466,0,0,0.0145587,1.025096,DEFAULT__C,-1612.268,0.0,0.0,0.0
GOLD,30/03/2023,22,SF,2__DGESL000,0,0,0,0.0,4.147,0.0,-4.147,0,0,0.0070704,1.0176077,DEFAULT__D,-576.079,0.0,0.0,0.0
GOLD,30/03/2023,22,SF,2__EGESL000,0,0,0,0.0,6.135,0.0,-6.135,0,0,0.0148608,1.0253981,DEFAULT__E,-1345.442,0.0,0.0,0.0
GOLD,30/03/2023,22,SF,2__FGESL000,0,0,0,0.0,4.255,0.0,-4.255,0,0,-0.0037297,1.0068076,DEFAULT__F,-722.429,0.0,0.0,0.0
GOLD,30/03/2023,22,SF,2__GGESL000,0,0,0,0.0,7.426,0.0,-7.426,0,0,0.0008159,1.0113532,DEFAULT__G,-1317.996,0.0,0.0,0.0
GOLD,30/03/2023,22,SF,2__HGESL000,0,0,0,0.0,7.735,0.0,-7.735,0,0,0.0122856,1.0228229,DEFAULT__H,-1576.265,0.0,0.0,0.0
GOLD,30/03/2023,22,SF,2__JGESL000,0,0,0,0.0,5.474,0.0,-5.474,0,0,0.0064211,1.0169584,DEFAULT__J,-937.712,0.0,0.0,0.0
GOLD,30/03/2023,22,SF,2__KGESL000,0,0,0,0.0,1.595,0.0,-1.595,0,0,0.0073762,1.0179135,DEFAULT__K,-352.019,0.0,0.0,0.0
GOLD,30/03/2023,22,SF,2__LGESL000,0,0,0,0.0,2.661,0.0,-2.661,0,0,0.0125248,1.0230621,DEFAULT__L,-486.123,0.0,0.0,0.0
GOLD,30/03/2023,22,SF,2__MGESL000,0,0,0,0.0,6.558,0.0,-6.558,0,0,-0.0083696,1.0021677,DEFAULT__M,-1007.931,0.0,0.0,0.0
GOLD,30/03/2023,22,SF,2__NGESL000,0,0,0,0.0,6.118,0.0,-6.118,0,0,-0.0042622,1.0062751,DEFAULT__N,-918.409,0.0,0.0,0.0
GOLD,30/03/2023,22,SF,2__PGESL000,0,0,0,0.0,0.836,0.0,-0.836,0,0,-0.0261238,0.9844135,DEFAULT__P,-170.943,0.0,0.0,0.0
GOLD,30/03/2023,23,SF,2__AGESL000,0,0,0,0.0,8.662,0.0,-8.662,0,0,0.002763,1.0133573,DEFAULT__A,-1260.247,0.0,0.0,0.0
GOLD,30/03/2023,23,SF,2__BGESL000,0,0,0,0.0,6.292,0.0,-6.292,0,0,0.0061409,1.0167352,DEFAULT__B,-984.201,0.0,0.0,0.0
GOLD,30/03/2023,23,SF,2__CGESL000,0,0,0,0.0,4.389,0.0,-4.389,0,0,0.0145587,1.025153,DEFAULT__C,-1607.872,0.0,0.0,0.0
GOLD,30/03/2023,23,SF,2__DGESL000,0,0,0,0.0,4.053,0.0,-4.053,0,0,0.0070704,1.0176647,DEFAULT__D,-536.13,0.0,0.0,0.0
GOLD,30/03/2023,23,SF,2__EGESL000,0,0,0,0.0,5.971,0.0,-5.971,0,0,0.0148608,1.0254551,DEFAULT__E,-1314.883,0.0,0.0,0.0
GOLD,30/03/2023,23,SF,2__FGESL000,0,0,0,0.0,4.081,0.0,-4.081,0,0,-0.0037297,1.0068646,DEFAULT__F,-706.651,0.0,0.0,0.0
GOLD,30/03/2023,23,SF,2__GGESL000,0,0,0,0.0,7.38,0.0,-7.38,0,0,0.0008159,1.0114102,DEFAULT__G,-1327.926,0.0,0.0,0.0
GOLD,30/03/2023,23,SF,2__HGESL000,0,0,0,0.0,7.478,0.0,-7.478,0,0,0.0122856,1.0228799,DEFAULT__H,-1487.549,0.0,0.0,0.0
GOLD,30/03/2023,23,SF,2__JGESL000,0,0,0,0.0,5.387,0.0,-5.387,0,0,0.0064211,1.0170154,DEFAULT__J,-911.972,0.0,0.0,0.0
GOLD,30/03/2023,23,SF,2__KGESL000,0,0,0,0.0,1.564,0.0,-1.564,0,0,0.0073762,1.0179705,DEFAULT__K,-322.532,0.0,0.0,0.0
GOLD,30/03/2023,23,SF,2__LGESL000,0,0,0,0.0,2.557,0.0,-2.557,0,0,0.0125248,1.0231191,DEFAULT__L,-431.664,0.0,0.0,0.0
GOLD,30/03/2023,23,SF,2__MGESL000,0,0,0,0.0,6.461,0.0,-6.461,0,0,-0.0083696,1.0022247,DEFAULT__M,-1015.475,0.0,0.0,0.0
GOLD,30/03/2023,23,SF,2__NGESL000,0,0,0,0.0,5.924,0.0,-5.924,0,0,-0.0042622,1.0063321,DEFAULT__N,-899.769,0.0,0.0,0.0
GOLD,30/03/2023,23,SF,2__PGESL000,0,0,0,0.0,0.829,0.0,-0.829,0,0,-0.0261238,0.9844705,DEFAULT__P,-168.031,0.0,0.0,0.0
GOLD,30/03/2023,24,SF,2__AGESL000,0,0,0,0.0,8.578,0.0,-8.578,0,0,0.002763,1.0132461,DEFAULT__A,-1250.555,0.0,0.0,0.0
GOLD,30/03/2023,24,SF,2__BGESL000,0,0,0,0.0,6.198,0.0,-6.198,0,0,0.0061409,1.016624,DEFAULT__B,-982.684,0.0,0.0,0.0
GOLD,30/03/2023,24,SF,2__CGESL000,0,0,0,0.0,4.395,0.0,-4.395,0,0,0.0145587,1.0250418,DEFAULT__C,-1610.449,0.0,0.0,0.0
GOLD,30/03/2023,24,SF,2__DGESL000,0,0,0,0.0,3.982,0.0,-3.982,0,0,0.0070704,1.0175535,DEFAULT__D,-507.536,0.0,0.0,0.0
GOLD,30/03/2023,24,SF,2__EGESL000,0,0,0,0.0,5.894,0.0,-5.894,0,0,0.0148608,1.0253439,DEFAULT__E,-1289.417,0.0,0.0,0.0
GOLD,30/03/2023,24,SF,2__FGESL000,0,0,0,0.0,4.066,0.0,-4.066,0,0,-0.0037297,1.0067534,DEFAULT__F,-706.486,0.0,0.0,0.0
GOLD,30/03/2023,24,SF,2__GGESL000,0,0,0,0.0,7.4,0.0,-7.4,0,0,0.0008159,1.011299,DEFAULT__G,-1347.318,0.0,0.0,0.0
GOLD,30/03/2023,24,SF,2__HGESL000,0,0,0,0.0,7.446,0.0,-7.446,0,0,0.0122856,1.0227687,DEFAULT__H,-1420.488,0.0,0.0,0.0
GOLD,30/03/2023,24,SF,2__JGESL000,0,0,0,0.0,5.385,0.0,-5.385,0,0,0.0064211,1.0169042,DEFAULT__J,-921.769,0.0,0.0,0.0
GOLD,30/03/2023,24,SF,2__KGESL000,0,0,0,0.0,1.566,0.0,-1.566,0,0,0.0073762,1.0178593,DEFAULT__K,-316.796,0.0,0.0,0.0
GOLD,30/03/2023,24,SF,2__LGESL000,0,0,0,0.0,2.507,0.0,-2.507,0,0,0.0125248,1.0230079,DEFAULT__L,-418.362,0.0,0.0,0.0
GOLD,30/03/2023,24,SF,2__MGESL000,0,0,0,0.0,6.511,0.0,-6.511,0,0,-0.0083696,1.0021135,DEFAULT__M,-1013.472,0.0,0.0,0.0
GOLD,30/03/2023,24,SF,2__NGESL000,0,0,0,0.0,5.901,0.0,-5.901,0,0,-0.0042622,1.0062209,DEFAULT__N,-873.013,0.0,0.0,0.0
GOLD,30/03/2023,24,SF,2__PGESL000,0,0,0,0.0,0.836,0.0,-0.836,0,0,-0.0261238,0.9843593,DEFAULT__P,-157.154,0.0,0.0,0.0
GOLD,30/03/2023,25,SF,2__AGESL000,0,0,0,0.0,8.784,0.0,-8.784,0,0,0.002763,1.0132518,DEFAULT__A,-1295.038,0.0,0.0,0.0
GOLD,30/03/2023,25,SF,2__BGESL000,0,0,0,0.0,6.285,0.0,-6.285,0,0,0.0061409,1.0166297,DEFAULT__B,-991.165,0.0,0.0,0.0
GOLD,30/03/2023,25,SF,2__CGESL000,0,0,0,0.0,4.471,0.0,-4.471,0,0,0.0145587,1.0250475,DEFAULT__C,-1615.057,0.0,0.0,0.0
GOLD,30/03/2023,25,SF,2__DGESL000,0,0,0,0.0,3.96,0.0,-3.96,0,0,0.0070704,1.0175592,DEFAULT__D,-509.893,0.0,0.0,0.0
GOLD,30/03/2023,25,SF,2__EGESL000,0,0,0,0.0,5.897,0.0,-5.897,0,0,0.0148608,1.0253496,DEFAULT__E,-1285.648,0.0,0.0,0.0
GOLD,30/03/2023,25,SF,2__FGESL000,0,0,0,0.0,4.084,0.0,-4.084,0,0,-0.0037297,1.0067591,DEFAULT__F,-717.995,0.0,0.0,0.0
GOLD,30/03/2023,25,SF,2__GGESL000,0,0,0,0.0,7.44,0.0,-7.44,0,0,0.0008159,1.0113047,DEFAULT__G,-1337.164,0.0,0.0,0.0
GOLD,30/03/2023,25,SF,2__HGESL000,0,0,0,0.0,7.542,0.0,-7.542,0,0,0.0122856,1.0227744,DEFAULT__H,-1433.184,0.0,0.0,0.0
GOLD,30/03/2023,25,SF,2__JGESL000,0,0,0,0.0,5.489,0.0,-5.489,0,0,0.0064211,1.0169099,DEFAULT__J,-927.203,0.0,0.0,0.0
GOLD,30/03/2023,25,SF,2__KGESL000,0,0,0,0.0,1.578,0.0,-1.578,0,0,0.0073762,1.017865,DEFAULT__K,-294.583,0.0,0.0,0.0
GOLD,30/03/2023,25,SF,2__LGESL000,0,0,0,0.0,2.549,0.0,-2.549,0,0,0.0125248,1.0230136,DEFAULT__L,-424.048,0.0,0.0,0.0
GOLD,30/03/2023,25,SF,2__MGESL000,0,0,0,0.0,6.575,0.0,-6.575,0,0,-0.0083696,1.0021192,DEFAULT__M,-1006.884,0.0,0.0,0.0
GOLD,30/03/2023,25,SF,2__NGESL000,0,0,0,0.0,5.906,0.0,-5.906,0,0,-0.0042622,1.0062266,DEFAULT__N,-852.917,0.0,0.0,0.0
GOLD,30/03/2023,25,SF,2__PGESL000,0,0,0,0.0,0.841,0.0,-0.841,0,0,-0.0261238,0.984365,DEFAULT__P,-173.662,0.0,0.0,0.0
GOLD,30/03/2023,26,SF,2__AGESL000,0,0,0,0.0,8.811,0.0,-8.811,0,0,0.002763,1.0138687,DEFAULT__A,-1266.396,0.0,0.0,0.0
GOLD,30/03/2023,26,SF,2__BGESL000,0,0,0,0.0,6.226,0.0,-6.226,0,0,0.0061409,1.0172466,DEFAULT__B,-943.057,0.0,0.0,0.0
GOLD,30/03/2023,26,SF,2__CGESL000,0,0,0,0.0,4.564,0.0,-4.564,0,0,0.0145587,1.0256644,DEFAULT__C,-1608.559,0.0,0.0,0.0
GOLD,30/03/2023,26,SF,2__DGESL000,0,0,0,0.0,3.937,0.0,-3.937,0,0,0.0070704,1.0181761,DEFAULT__D,-508.932,0.0,0.0,0.0
GOLD,30/03/2023,26,SF,2__EGESL000,0,0,0,0.0,5.981,0.0,-5.981,0,0,0.0148608,1.0259665,DEFAULT__E,-1254.576,0.0,0.0,0.0
GOLD,30/03/2023,26,SF,2__FGESL000,0,0,0,0.0,4.11,0.0,-4.11,0,0,-0.0037297,1.007376,DEFAULT__F,-694.677,0.0,0.0,0.0
GOLD,30/03/2023,26,SF,2__GGESL000,0,0,0,0.0,7.373,0.0,-7.373,0,0,0.0008159,1.0119216,DEFAULT__G,-1302.953,0.0,0.0,0.0
GOLD,30/03/2023,26,SF,2__HGESL000,0,0,0,0.0,7.651,0.0,-7.651,0,0,0.0122856,1.0233913,DEFAULT__H,-1388.402,0.0,0.0,0.0
GOLD,30/03/2023,26,SF,2__JGESL000,0,0,0,0.0,5.53,0.0,-5.53,0,0,0.0064211,1.0175268,DEFAULT__J,-924.203,0.0,0.0,0.0
GOLD,30/03/2023,26,SF,2__KGESL000,0,0,0,0.0,1.583,0.0,-1.583,0,0,0.0073762,1.0184819,DEFAULT__K,-279.384,0.0,0.0,0.0
GOLD,30/03/2023,26,SF,2__LGESL000,0,0,0,0.0,2.558,0.0,-2.558,0,0,0.0125248,1.0236305,DEFAULT__L,-400.43,0.0,0.0,0.0
GOLD,30/03/2023,26,SF,2__MGESL000,0,0,0,0.0,6.684,0.0,-6.684,0,0,-0.0083696,1.0027361,DEFAULT__M,-1019.602,0.0,0.0,0.0
GOLD,30/03/2023,26,SF,2__NGESL000,0,0,0,0.0,5.888,0.0,-5.888,0,0,-0.0042622,1.0068435,DEFAULT__N,-829.96,0.0,0.0,0.0
GOLD,30/03/2023,26,SF,2__PGESL000,0,0,0,0.0,0.811,0.0,-0.811,0,0,-0.0261238,0.9849819,DEFAULT__P,-156.357,0.0,0.0,0.0
GOLD,30/03/2023,27,SF,2__AGESL000,0,0,0,0.0,8.557,0.0,-8.557,0,0,0.002763,1.0145029,DEFAULT__A,-1202.696,0.0,0.0,0.0
GOLD,30/03/2023,27,SF,2__BGESL000,0,0,0,0.0,6.036,0.0,-6.036,0,0,0.0061409,1.0178808,DEFAULT__B,-868.2,0.0,0.0,0.0
GOLD,30/03/2023,27,SF,2__CGESL000,0,0,0,0.0,4.52,0.0,-4.52,0,0,0.0145587,1.0262986,DEFAULT__C,-1601.655,0.0,0.0,0.0
GOLD,30/03/2023,27,SF,2__DGESL000,0,0,0,0.0,3.823,0.0,-3.823,0,0,0.0070704,1.0188103,DEFAULT__D,-488.102,0.0,0.0,0.0
GOLD,30/03/2023,27,SF,2__EGESL000,0,0,0,0.0,5.815,0.0,-5.815,0,0,0.0148608,1.0266007,DEFAULT__E,-1212.213,0.0,0.0,0.0
GOLD,30/03/2023,27,SF,2__FGESL000,0,0,0,0.0,3.99,0.0,-3.99,0,0,-0.0037297,1.0080102,DEFAULT__F,-699.896,0.0,0.0,0.0
GOLD,30/03/2023,27,SF,2__GGESL000,0,0,0,0.0,7.191,0.0,-7.191,0,0,0.0008159,1.0125558,DEFAULT__G,-1285.32,0.0,0.0,0.0
GOLD,30/03/2023,27,SF,2__HGESL000,0,0,0,0.0,7.412,0.0,-7.412,0,0,0.0122856,1.0240255,DEFAULT__H,-1380.715,0.0,0.0,0.0
GOLD,30/03/2023,27,SF,2__JGESL000,0,0,0,0.0,5.419,0.0,-5.419,0,0,0.0064211,1.018161,DEFAULT__J,-907.863,0.0,0.0,0.0
GOLD,30/03/2023,27,SF,2__KGESL000,0,0,0,0.0,1.539,0.0,-1.539,0,0,0.0073762,1.0191161,DEFAULT__K,-280.465,0.0,0.0,0.0
GOLD,30/03/2023,27,SF,2__LGESL000,0,0,0,0.0,2.463,0.0,-2.463,0,0,0.0125248,1.0242647,DEFAULT__L,-367.182,0.0,0.0,0.0
GOLD,30/03/2023,27,SF,2__MGESL000,0,0,0,0.0,6.575,0.0,-6.575,0,0,-0.0083696,1.0033703,DEFAULT__M,-999.704,0.0,0.0,0.0
GOLD,30/03/2023,27,SF,2__NGESL000,0,0,0,0.0,5.744,0.0,-5.744,0,0,-0.0042622,1.0074777,DEFAULT__N,-822.581,0.0,0.0,0.0
GOLD,30/03/2023,27,SF,2__PGESL000,0,0,0,0.0,0.815,0.0,-0.815,0,0,-0.0261238,0.9856161,DEFAULT__P,-174.633,0.0,0.0,0.0
GOLD,30/03/2023,28,SF,2__AGESL000,0,0,0,0.0,8.29,0.0,-8.29,0,0,0.002763,1.0145396,DEFAULT__A,-1186.689,0.0,0.0,0.0
GOLD,30/03/2023,28,SF,2__BGESL000,0,0,0,0.0,5.873,0.0,-5.873,0,0,0.0061409,1.0179175,DEFAULT__B,-886.202,0.0,0.0,0.0
GOLD,30/03/2023,28,SF,2__CGESL000,0,0,0,0.0,4.372,0.0,-4.372,0,0,0.0145587,1.0263353,DEFAULT__C,-1582.338,0.0,0.0,0.0
GOLD,30/03/2023,28,SF,2__DGESL000,0,0,0,0.0,3.649,0.0,-3.649,0,0,0.0070704,1.018847,DEFAULT__D,-481.266,0.0,0.0,0.0
GOLD,30/03/2023,28,SF,2__EGESL000,0,0,0,0.0,5.54,0.0,-5.54,0,0,0.0148608,1.0266374,DEFAULT__E,-1183.907,0.0,0.0,0.0
GOLD,30/03/2023,28,SF,2__FGESL000,0,0,0,0.0,3.805,0.0,-3.805,0,0,-0.0037297,1.0080469,DEFAULT__F,-692.072,0.0,0.0,0.0
GOLD,30/03/2023,28,SF,2__GGESL000,0,0,0,0.0,6.976,0.0,-6.976,0,0,0.0008159,1.0125925,DEFAULT__G,-1256.987,0.0,0.0,0.0
GOLD,30/03/2023,28,SF,2__HGESL000,0,0,0,0.0,7.158,0.0,-7.158,0,0,0.0122856,1.0240622,DEFAULT__H,-1334.729,0.0,0.0,0.0
GOLD,30/03/2023,28,SF,2__JGESL000,0,0,0,0.0,5.249,0.0,-5.249,0,0,0.0064211,1.0181977,DEFAULT__J,-891.418,0.0,0.0,0.0
GOLD,30/03/2023,28,SF,2__KGESL000,0,0,0,0.0,1.478,0.0,-1.478,0,0,0.0073762,1.0191528,DEFAULT__K,-274.527,0.0,0.0,0.0
GOLD,30/03/2023,28,SF,2__LGESL000,0,0,0,0.0,2.381,0.0,-2.381,0,0,0.0125248,1.0243014,DEFAULT__L,-381.822,0.0,0.0,0.0
GOLD,30/03/2023,28,SF,2__MGESL000,0,0,0,0.0,6.361,0.0,-6.361,0,0,-0.0083696,1.003407,DEFAULT__M,-982.838,0.0,0.0,0.0
GOLD,30/03/2023,28,SF,2__NGESL000,0,0,0,0.0,5.491,0.0,-5.491,0,0,-0.0042622,1.0075144,DEFAULT__N,-805.433,0.0,0.0,0.0
GOLD,30/03/2023,28,SF,2__PGESL000,0,0,0,0.0,0.86,0.0,-0.86,0,0,-0.0261238,0.9856528,DEFAULT__P,-181.477,0.0,0.0,0.0
GOLD,30/03/2023,29,SF,2__AGESL000,0,0,0,0.0,8.172,0.0,-8.172,0,0,0.002763,1.0149489,DEFAULT__A,-1170.684,0.0,0.0,0.0
GOLD,30/03/2023,29,SF,2__BGESL000,0,0,0,0.0,5.737,0.0,-5.737,0,0,0.0061409,1.0183268,DEFAULT__B,-862.869,0.0,0.0,0.0
GOLD,30/03/2023,29,SF,2__CGESL000,0,0,0,0.0,4.251,0.0,-4.251,0,0,0.0145587,1.0267446,DEFAULT__C,-1567.497,0.0,0.0,0.0
GOLD,30/03/2023,29,SF,2__DGESL000,0,0,0,0.0,3.514,0.0,-3.514,0,0,0.0070704,1.0192563,DEFAULT__D,-474.772,0.0,0.0,0.0
GOLD,30/03/2023,29,SF,2__EGESL000,0,0,0,0.0,5.416,0.0,-5.416,0,0,0.0148608,1.0270467,DEFAULT__E,-1164.306,0.0,0.0,0.0
GOLD,30/03/2023,29,SF,2__FGESL000,0,0,0,0.0,3.81,0.0,-3.81,0,0,-0.0037297,1.0084562,DEFAULT__F,-674.132,0.0,0.0,0.0
GOLD,30/03/2023,29,SF,2__GGESL000,0,0,0,0.0,6.668,0.0,-6.668,0,0,0.0008159,1.0130018,DEFAULT__G,-1219.82,0.0,0.0,0.0
GOLD,30/03/2023,29,SF,2__HGESL000,0,0,0,0.0,7.089,0.0,-7.089,0,0,0.0122856,1.0244715,DEFAULT__H,-1379.43,0.0,0.0,0.0
GOLD,30/03/2023,29,SF,2__JGESL000,0,0,0,0.0,5.086,0.0,-5.086,0,0,0.0064211,1.018607,DEFAULT__J,-870.19,0.0,0.0,0.0
GOLD,30/03/2023,29,SF,2__KGESL000,0,0,0,0.0,1.433,0.0,-1.433,0,0,0.0073762,1.0195621,DEFAULT__K,-246.757,0.0,0.0,0.0
GOLD,30/03/2023,29,SF,2__LGESL000,0,0,0,0.0,2.343,0.0,-2.343,0,0,0.0125248,1.0247107,DEFAULT__L,-382.237,0.0,0.0,0.0
GOLD,30/03/2023,29,SF,2__MGESL000,0,0,0,0.0,6.136,0.0,-6.136,0,0,-0.0083696,1.0038163,DEFAULT__M,-972.174,0.0,0.0,0.0
GOLD,30/03/2023,29,SF,2__NGESL000,0,0,0,0.0,5.365,0.0,-5.365,0,0,-0.0042622,1.0079237,DEFAULT__N,-781.484,0.0,0.0,0.0
GOLD,30/03/2023,29,SF,2__PGESL000,0,0,0,0.0,0.727,0.0,-0.727,0,0,-0.0261238,0.9860621,DEFAULT__P,-151.824,0.0,0.0,0.0
GOLD,30/03/2023,30,SF,2__AGESL000,0,0,0,0.0,8.009,0.0,-8.009,0,0,0.002763,1.0149744,DEFAULT__A,-1139.999,0.0,0.0,0.0
GOLD,30/03/2023,30,SF,2__BGESL000,0,0,0,0.0,5.643,0.0,-5.643,0,0,0.0061409,1.0183523,DEFAULT__B,-826.158,0.0,0.0,0.0
GOLD,30/03/2023,30,SF,2__CGESL000,0,0,0,0.0,4.174,0.0,-4.174,0,0,0.0145587,1.0267701,DEFAULT__C,-1560.023,0.0,0.0,0.0
GOLD,30/03/2023,30,SF,2__DGESL000,0,0,0,0.0,3.43,0.0,-3.43,0,0,0.0070704,1.0192818,DEFAULT__D,-477.709,0.0,0.0,0.0
GOLD,30/03/2023,30,SF,2__EGESL000,0,0,0,0.0,5.374,0.0,-5.374,0,0,0.0148608,1.0270722,DEFAULT__E,-1157.106,0.0,0.0,0.0
GOLD,30/03/2023,30,SF,2__FGESL000,0,0,0,0.0,3.737,0.0,-3.737,0,0,-0.0037297,1.0084817,DEFAULT__F,-692.633,0.0,0.0,0.0
GOLD,30/03/2023,30,SF,2__GGESL000,0,0,0,0.0,6.558,0.0,-6.558,0,0,0.0008159,1.0130273,DEFAULT__G,-1194.27,0.0,0.0,0.0
GOLD,30/03/2023,30,SF,2__HGESL000,0,0,0,0.0,6.988,0.0,-6.988,0,0,0.0122856,1.024497,DEFAULT__H,-1364.505,0.0,0.0,0.0
GOLD,30/03/2023,30,SF,2__JGESL000,0,0,0,0.0,4.957,0.0,-4.957,0,0,0.0064211,1.0186325,DEFAULT__J,-840.599,0.0,0.0,0.0
GOLD,30/03/2023,30,SF,2__KGESL000,0,0,0,0.0,1.401,0.0,-1.401,0,0,0.0073762,1.0195876,DEFAULT__K,-245.105,0.0,0.0,0.0
GOLD,30/03/2023,30,SF,2__LGESL000,0,0,0,0.0,2.381,0.0,-2.381,0,0,0.0125248,1.0247362,DEFAULT__L,-445.008,0.0,0.0,0.0
GOLD,30/03/2023,30,SF,2__MGESL000,0,0,0,0.0,5.955,0.0,-5.955,0,0,-0.0083696,1.0038418,DEFAULT__M,-927.798,0.0,0.0,0.0
GOLD,30/03/2023,30,SF,2__NGESL000,0,0,0,0.0,5.291,0.0,-5.291,0,0,-0.0042622,1.0079492,DEFAULT__N,-771.599,0.0,0.0,0.0
GOLD,30/03/2023,30,SF,2__PGESL000,0,0,0,0.0,0.71,0.0,-0.71,0,0,-0.0261238,0.9860876,DEFAULT__P,-157.672,0.0,0.0,0.0
GOLD,30/03/2023,31,SF,2__AGESL000,0,0,0,0.0,7.968,0.0,-7.968,0,0,0.002763,1.0144937,DEFAULT__A,-1141.471,0.0,0.0,0.0
GOLD,30/03/2023,31,SF,2__BGESL000,0,0,0,0.0,5.722,0.0,-5.722,0,0,0.0061409,1.0178716,DEFAULT__B,-818.013,0.0,0.0,0.0
GOLD,30/03/2023,31,SF,2__CGESL000,0,0,0,0.0,4.126,0.0,-4.126,0,0,0.0145587,1.0262894,DEFAULT__C,-1546.952,0.0,0.0,0.0
GOLD,30/03/2023,31,SF,2__DGESL000,0,0,0,0.0,3.412,0.0,-3.412,0,0,0.0070704,1.0188011,DEFAULT__D,-465.11,0.0,0.0,0.0
GOLD,30/03/2023,31,SF,2__EGESL000,0,0,0,0.0,5.383,0.0,-5.383,0,0,0.0148608,1.0265915,DEFAULT__E,-1156.299,0.0,0.0,0.0
GOLD,30/03/2023,31,SF,2__FGESL000,0,0,0,0.0,3.78,0.0,-3.78,0,0,-0.0037297,1.008001,DEFAULT__F,-676.175,0.0,0.0,0.0
GOLD,30/03/2023,31,SF,2__GGESL000,0,0,0,0.0,6.352,0.0,-6.352,0,0,0.0008159,1.0125466,DEFAULT__G,-1143.971,0.0,0.0,0.0
GOLD,30/03/2023,31,SF,2__HGESL000,0,0,0,0.0,7.02,0.0,-7.02,0,0,0.0122856,1.0240163,DEFAULT__H,-1446.196,0.0,0.0,0.0
GOLD,30/03/2023,31,SF,2__JGESL000,0,0,0,0.0,4.924,0.0,-4.924,0,0,0.0064211,1.0181518,DEFAULT__J,-844.113,0.0,0.0,0.0
GOLD,30/03/2023,31,SF,2__KGESL000,0,0,0,0.0,1.41,0.0,-1.41,0,0,0.0073762,1.0191069,DEFAULT__K,-247.593,0.0,0.0,0.0
GOLD,30/03/2023,31,SF,2__LGESL000,0,0,0,0.0,2.435,0.0,-2.435,0,0,0.0125248,1.0242555,DEFAULT__L,-482.631,0.0,0.0,0.0
GOLD,30/03/2023,31,SF,2__MGESL000,0,0,0,0.0,5.995,0.0,-5.995,0,0,-0.0083696,1.0033611,DEFAULT__M,-937.641,0.0,0.0,0.0
GOLD,30/03/2023,31,SF,2__NGESL000,0,0,0,0.0,5.428,0.0,-5.428,0,0,-0.0042622,1.0074685,DEFAULT__N,-785.904,0.0,0.0,0.0
GOLD,30/03/2023,31,SF,2__PGESL000,0,0,0,0.0,0.681,0.0,-0.681,0,0,-0.0261238,0.9856069,DEFAULT__P,-146.4,0.0,0.0,0.0
GOLD,30/03/2023,32,SF,2__AGESL000,0,0,0,0.0,8.476,0.0,-8.476,0,0,0.002763,1.0145347,DEFAULT__A,-1207.717,0.0,0.0,0.0
GOLD,30/03/2023,32,SF,2__BGESL000,0,0,0,0.0,6.091,0.0,-6.091,0,0,0.0061409,1.0179126,DEFAULT__B,-903.452,0.0,0.0,0.0
GOLD,30/03/2023,32,SF,2__CGESL000,0,0,0,0.0,4.25,0.0,-4.25,0,0,0.0145587,1.0263304,DEFAULT__C,-1548.975,0.0,0.0,0.0
GOLD,30/03/2023,32,SF,2__DGESL000,0,0,0,0.0,3.621,0.0,-3.621,0,0,0.0070704,1.0188421,DEFAULT__D,-463.645,0.0,0.0,0.0
GOLD,30/03/2023,32,SF,2__EGESL000,0,0,0,0.0,5.734,0.0,-5.734,0,0,0.0148608,1.0266325,DEFAULT__E,-1181.416,0.0,0.0,0.0
GOLD,30/03/2023,32,SF,2__FGESL000,0,0,0,0.0,4.064,0.0,-4.064,0,0,-0.0037297,1.008042,DEFAULT__F,-671.682,0.0,0.0,0.0
GOLD,30/03/2023,32,SF,2__GGESL000,0,0,0,0.0,6.724,0.0,-6.724,0,0,0.0008159,1.0125876,DEFAULT__G,-1141.863,0.0,0.0,0.0
GOLD,30/03/2023,32,SF,2__HGESL000,0,0,0,0.0,7.466,0.0,-7.466,0,0,0.0122856,1.0240573,DEFAULT__H,-1543.483,0.0,0.0,0.0
GOLD,30/03/2023,32,SF,2__JGESL000,0,0,0,0.0,5.164,0.0,-5.164,0,0,0.0064211,1.0181928,DEFAULT__J,-849.726,0.0,0.0,0.0
GOLD,30/03/2023,32,SF,2__KGESL000,0,0,0,0.0,1.492,0.0,-1.492,0,0,0.0073762,1.0191479,DEFAULT__K,-283.016,0.0,0.0,0.0
GOLD,30/03/2023,32,SF,2__LGESL000,0,0,0,0.0,2.605,0.0,-2.605,0,0,0.0125248,1.0242965,DEFAULT__L,-527.373,0.0,0.0,0.0
GOLD,30/03/2023,32,SF,2__MGESL000,0,0,0,0.0,6.513,0.0,-6.513,0,0,-0.0083696,1.0034021,DEFAULT__M,-976.757,0.0,0.0,0.0
GOLD,30/03/2023,32,SF,2__NGESL000,0,0,0,0.0,5.782,0.0,-5.782,0,0,-0.0042622,1.0075095,DEFAULT__N,-795.867,0.0,0.0,0.0
GOLD,30/03/2023,32,SF,2__PGESL000,0,0,0,0.0,0.739,0.0,-0.739,0,0,-0.0261238,0.9856479,DEFAULT__P,-164.517,0.0,0.0,0.0
GOLD,30/03/2023,33,SF,2__AGESL000,0,0,0,0.0,9.356,0.0,-9.356,0,0,0.002763,1.0146757,DEFAULT__A,-1312.123,0.0,0.0,0.0
GOLD,30/03/2023,33,SF,2__BGESL000,0,0,0,0.0,6.75,0.0,-6.75,0,0,0.0061409,1.0180536,DEFAULT__B,-1009.79,0.0,0.0,0.0
GOLD,30/03/2023,33,SF,2__CGESL000,0,0,0,0.0,4.67,0.0,-4.67,0,0,0.0145587,1.0264714,DEFAULT__C,-1560.347,0.0,0.0,0.0
GOLD,30/03/2023,33,SF,2__DGESL000,0,0,0,0.0,4.086,0.0,-4.086,0,0,0.0070704,1.0189831,DEFAULT__D,-479.071,0.0,0.0,0.0
GOLD,30/03/2023,33,SF,2__EGESL000,0,0,0,0.0,6.355,0.0,-6.355,0,0,0.0148608,1.0267735,DEFAULT__E,-1206.459,0.0,0.0,0.0
GOLD,30/03/2023,33,SF,2__FGESL000,0,0,0,0.0,4.624,0.0,-4.624,0,0,-0.0037297,1.008183,DEFAULT__F,-687.555,0.0,0.0,0.0
GOLD,30/03/2023,33,SF,2__GGESL000,0,0,0,0.0,7.399,0.0,-7.399,0,0,0.0008159,1.0127286,DEFAULT__G,-1139.503,0.0,0.0,0.0
GOLD,30/03/2023,33,SF,2__HGESL000,0,0,0,0.0,8.28,0.0,-8.28,0,0,0.0122856,1.0241983,DEFAULT__H,-1601.964,0.0,0.0,0.0
GOLD,30/03/2023,33,SF,2__JGESL000,0,0,0,0.0,5.705,0.0,-5.705,0,0,0.0064211,1.0183338,DEFAULT__J,-863.309,0.0,0.0,0.0
GOLD,30/03/2023,33,SF,2__KGESL000,0,0,0,0.0,1.677,0.0,-1.677,0,0,0.0073762,1.0192889,DEFAULT__K,-339.193,0.0,0.0,0.0
GOLD,30/03/2023,33,SF,2__LGESL000,0,0,0,0.0,2.934,0.0,-2.934,0,0,0.0125248,1.0244375,DEFAULT__L,-589.28,0.0,0.0,0.0
GOLD,30/03/2023,33,SF,2__MGESL000,0,0,0,0.0,7.254,0.0,-7.254,0,0,-0.0083696,1.0035431,DEFAULT__M,-993.899,0.0,0.0,0.0
GOLD,30/03/2023,33,SF,2__NGESL000,0,0,0,0.0,6.486,0.0,-6.486,0,0,-0.0042622,1.0076505,DEFAULT__N,-805.09,0.0,0.0,0.0
GOLD,30/03/2023,33,SF,2__PGESL000,0,0,0,0.0,0.865,0.0,-0.865,0,0,-0.0261238,0.9857889,DEFAULT__P,-154.034,0.0,0.0,0.0
GOLD,30/03/2023,34,SF,2__AGESL000,0,0,0,0.0,10.369,0.0,-10.369,0,0,0.002763,1.0140601,DEFAULT__A,-1385.24,0.0,0.0,0.0
GOLD,30/03/2023,34,SF,2__BGESL000,0,0,0,0.0,7.44,0.0,-7.44,0,0,0.0061409,1.017438,DEFAULT__B,-1103.879,0.0,0.0,0.0
GOLD,30/03/2023,34,SF,2__CGESL000,0,0,0,0.0,4.953,0.0,-4.953,0,0,0.0145587,1.0258558,DEFAULT__C,-1561.883,0.0,0.0,0.0
GOLD,30/03/2023,34,SF,2__DGESL000,0,0,0,0.0,4.541,0.0,-4.541,0,0,0.0070704,1.0183675,DEFAULT__D,-520.154,0.0,0.0,0.0
GOLD,30/03/2023,34,SF,2__EGESL000,0,0,0,0.0,6.992,0.0,-6.992,0,0,0.0148608,1.0261579,DEFAULT__E,-1256.105,0.0,0.0,0.0
GOLD,30/03/2023,34,SF,2__FGESL000,0,0,0,0.0,5.126,0.0,-5.126,0,0,-0.0037297,1.0075674,DEFAULT__F,-710.332,0.0,0.0,0.0
GOLD,30/03/2023,34,SF,2__GGESL000,0,0,0,0.0,8.17,0.0,-8.17,0,0,0.0008159,1.012113,DEFAULT__G,-1169.21,0.0,0.0,0.0
GOLD,30/03/2023,34,SF,2__HGESL000,0,0,0,0.0,9.085,0.0,-9.085,0,0,0.0122856,1.0235827,DEFAULT__H,-1684.064,0.0,0.0,0.0
GOLD,30/03/2023,34,SF,2__JGESL000,0,0,0,0.0,6.287,0.0,-6.287,0,0,0.0064211,1.0177182,DEFAULT__J,-920.651,0.0,0.0,0.0
GOLD,30/03/2023,34,SF,2__KGESL000,0,0,0,0.0,1.868,0.0,-1.868,0,0,0.0073762,1.0186733,DEFAULT__K,-396.023,0.0,0.0,0.0
GOLD,30/03/2023,34,SF,2__LGESL000,0,0,0,0.0,3.305,0.0,-3.305,0,0,0.0125248,1.0238219,DEFAULT__L,-641.007,0.0,0.0,0.0
GOLD,30/03/2023,34,SF,2__MGESL000,0,0,0,0.0,7.948,0.0,-7.948,0,0,-0.0083696,1.0029275,DEFAULT__M,-999.959,0.0,0.0,0.0
GOLD,30/03/2023,34,SF,2__NGESL000,0,0,0,0.0,7.189,0.0,-7.189,0,0,-0.0042622,1.0070349,DEFAULT__N,-814.982,0.0,0.0,0.0
GOLD,30/03/2023,34,SF,2__PGESL000,0,0,0,0.0,0.946,0.0,-0.946,0,0,-0.0261238,0.9851733,DEFAULT__P,-147.349,0.0,0.0,0.0
GOLD,30/03/2023,35,SF,2__AGESL000,0,0,0,0.0,11.598,0.0,-11.598,0,0,0.002763,1.0134678,DEFAULT__A,-1483.359,0.0,0.0,0.0
GOLD,30/03/2023,35,SF,2__BGESL000,0,0,0,0.0,8.16,0.0,-8.16,0,0,0.0061409,1.0168457,DEFAULT__B,-1149.99,0.0,0.0,0.0
GOLD,30/03/2023,35,SF,2__CGESL000,0,0,0,0.0,5.379,0.0,-5.379,0,0,0.0145587,1.0252635,DEFAULT__C,-1570.135,0.0,0.0,0.0
GOLD,30/03/2023,35,SF,2__DGESL000,0,0,0,0.0,5.085,0.0,-5.085,0,0,0.0070704,1.0177752,DEFAULT__D,-592.873,0.0,0.0,0.0
GOLD,30/03/2023,35,SF,2__EGESL000,0,0,0,0.0,7.8,0.0,-7.8,0,0,0.0148608,1.0255656,DEFAULT__E,-1302.534,0.0,0.0,0.0
GOLD,30/03/2023,35,SF,2__FGESL000,0,0,0,0.0,5.65,0.0,-5.65,0,0,-0.0037297,1.0069751,DEFAULT__F,-722.138,0.0,0.0,0.0
GOLD,30/03/2023,35,SF,2__GGESL000,0,0,0,0.0,8.978,0.0,-8.978,0,0,0.0008159,1.0115207,DEFAULT__G,-1204.762,0.0,0.0,0.0
GOLD,30/03/2023,35,SF,2__HGESL000,0,0,0,0.0,10.101,0.0,-10.101,0,0,0.0122856,1.0229904,DEFAULT__H,-1765.44,0.0,0.0,0.0
GOLD,30/03/2023,35,SF,2__JGESL000,0,0,0,0.0,7.021,0.0,-7.021,0,0,0.0064211,1.0171259,DEFAULT__J,-975.649,0.0,0.0,0.0
GOLD,30/03/2023,35,SF,2__KGESL000,0,0,0,0.0,2.093,0.0,-2.093,0,0,0.0073762,1.018081,DEFAULT__K,-458.973,0.0,0.0,0.0
GOLD,30/03/2023,35,SF,2__LGESL000,0,0,0,0.0,3.766,0.0,-3.766,0,0,0.0125248,1.0232296,DEFAULT__L,-687.836,0.0,0.0,0.0
GOLD,30/03/2023,35,SF,2__MGESL000,0,0,0,0.0,8.758,0.0,-8.758,0,0,-0.0083696,1.0023352,DEFAULT__M,-1037.778,0.0,0.0,0.0
GOLD,30/03/2023,35,SF,2__NGESL000,0,0,0,0.0,7.981,0.0,-7.981,0,0,-0.0042622,1.0064426,DEFAULT__N,-818.809,0.0,0.0,0.0
GOLD,30/03/2023,35,SF,2__PGESL000,0,0,0,0.0,1.115,0.0,-1.115,0,0,-0.0261238,0.984581,DEFAULT__P,-118.639,0.0,0.0,0.0
GOLD,30/03/2023,36,SF,2__AGESL000,0,0,0,0.0,12.448,0.0,-12.448,0,0,0.002763,1.0125979,DEFAULT__A,-1590.074,0.0,0.0,0.0
GOLD,30/03/2023,36,SF,2__BGESL000,0,0,0,0.0,8.747,0.0,-8.747,0,0,0.0061409,1.0159758,DEFAULT__B,-1218.634,0.0,0.0,0.0
GOLD,30/03/2023,36,SF,2__CGESL000,0,0,0,0.0,5.76,0.0,-5.76,0,0,0.0145587,1.0243936,DEFAULT__C,-1581.349,0.0,0.0,0.0
GOLD,30/03/2023,36,SF,2__DGESL000,0,0,0,0.0,5.456,0.0,-5.456,0,0,0.0070704,1.0169053,DEFAULT__D,-622.537,0.0,0.0,0.0
GOLD,30/03/2023,36,SF,2__EGESL000,0,0,0,0.0,8.356,0.0,-8.356,0,0,0.0148608,1.0246957,DEFAULT__E,-1328.102,0.0,0.0,0.0
GOLD,30/03/2023,36,SF,2__FGESL000,0,0,0,0.0,5.908,0.0,-5.908,0,0,-0.0037297,1.0061052,DEFAULT__F,-727.292,0.0,0.0,0.0
GOLD,30/03/2023,36,SF,2__GGESL000,0,0,0,0.0,9.503,0.0,-9.503,0,0,0.0008159,1.0106508,DEFAULT__G,-1245.924,0.0,0.0,0.0
GOLD,30/03/2023,36,SF,2__HGESL000,0,0,0,0.0,10.875,0.0,-10.875,0,0,0.0122856,1.0221205,DEFAULT__H,-1848.534,0.0,0.0,0.0
GOLD,30/03/2023,36,SF,2__JGESL000,0,0,0,0.0,7.568,0.0,-7.568,0,0,0.0064211,1.016256,DEFAULT__J,-1028.732,0.0,0.0,0.0
GOLD,30/03/2023,36,SF,2__KGESL000,0,0,0,0.0,2.255,0.0,-2.255,0,0,0.0073762,1.0172111,DEFAULT__K,-519.731,0.0,0.0,0.0
GOLD,30/03/2023,36,SF,2__LGESL000,0,0,0,0.0,4.067,0.0,-4.067,0,0,0.0125248,1.0223597,DEFAULT__L,-726.043,0.0,0.0,0.0
GOLD,30/03/2023,36,SF,2__MGESL000,0,0,0,0.0,9.195,0.0,-9.195,0,0,-0.0083696,1.0014653,DEFAULT__M,-1044.062,0.0,0.0,0.0
GOLD,30/03/2023,36,SF,2__NGESL000,0,0,0,0.0,8.378,0.0,-8.378,0,0,-0.0042622,1.0055727,DEFAULT__N,-809.443,0.0,0.0,0.0
GOLD,30/03/2023,36,SF,2__PGESL000,0,0,0,0.0,1.203,0.0,-1.203,0,0,-0.0261238,0.9837111,DEFAULT__P,-117.815,0.0,0.0,0.0
GOLD,30/03/2023,37,SF,2__AGESL000,0,0,0,0.0,13.181,0.0,-13.181,0,0,0.002763,1.0120424,DEFAULT__A,-1671.313,0.0,0.0,0.0
GOLD,30/03/2023,37,SF,2__BGESL000,0,0,0,0.0,9.167,0.0,-9.167,0,0,0.0061409,1.0154203,DEFAULT__B,-1283.279,0.0,0.0,0.0
GOLD,30/03/2023,37,SF,2__CGESL000,0,0,0,0.0,6.234,0.0,-6.234,0,0,0.0145587,1.0238381,DEFAULT__C,-1592.54,0.0,0.0,0.0
GOLD,30/03/2023,37,SF,2__DGESL000,0,0,0,0.0,5.693,0.0,-5.693,0,0,0.0070704,1.0163498,DEFAULT__D,-637.604,0.0,0.0,0.0
GOLD,30/03/2023,37,SF,2__EGESL000,0,0,0,0.0,8.723,0.0,-8.723,0,0,0.0148608,1.0241402,DEFAULT__E,-1349.314,0.0,0.0,0.0
GOLD,30/03/2023,37,SF,2__FGESL000,0,0,0,0.0,6.12,0.0,-6.12,0,0,-0.0037297,1.0055497,DEFAULT__F,-751.021,0.0,0.0,0.0
GOLD,30/03/2023,37,SF,2__GGESL000,0,0,0,0.0,9.893,0.0,-9.893,0,0,0.0008159,1.0100953,DEFAULT__G,-1262.454,0.0,0.0,0.0
GOLD,30/03/2023,37,SF,2__HGESL000,0,0,0,0.0,11.444,0.0,-11.444,0,0,0.0122856,1.021565,DEFAULT__H,-1889.431,0.0,0.0,0.0
GOLD,30/03/2023,37,SF,2__JGESL000,0,0,0,0.0,8.02,0.0,-8.02,0,0,0.0064211,1.0157005,DEFAULT__J,-1077.265,0.0,0.0,0.0
GOLD,30/03/2023,37,SF,2__KGESL000,0,0,0,0.0,2.379,0.0,-2.379,0,0,0.0073762,1.0166556,DEFAULT__K,-523.949,0.0,0.0,0.0
GOLD,30/03/2023,37,SF,2__LGESL000,0,0,0,0.0,4.27,0.0,-4.27,0,0,0.0125248,1.0218042,DEFAULT__L,-748.127,0.0,0.0,0.0
GOLD,30/03/2023,37,SF,2__MGESL000,0,0,0,0.0,9.481,0.0,-9.481,0,0,-0.0083696,1.0009098,DEFAULT__M,-1082.591,0.0,0.0,0.0
GOLD,30/03/2023,37,SF,2__NGESL000,0,0,0,0.0,8.604,0.0,-8.604,0,0,-0.0042622,1.0050172,DEFAULT__N,-810.137,0.0,0.0,0.0
GOLD,30/03/2023,37,SF,2__PGESL000,0,0,0,0.0,1.24,0.0,-1.24,0,0,-0.0261238,0.9831556,DEFAULT__P,-127.395,0.0,0.0,0.0
GOLD,30/03/2023,38,SF,2__AGESL000,0,0,0,0.0,13.548,0.0,-13.548,0,0,0.002763,1.0114796,DEFAULT__A,-1746.299,0.0,0.0,0.0
GOLD,30/03/2023,38,SF,2__BGESL000,0,0,0,0.0,9.329,0.0,-9.329,0,0,0.0061409,1.0148575,DEFAULT__B,-1373.47,0.0,0.0,0.0
GOLD,30/03/2023,38,SF,2__CGESL000,0,0,0,0.0,6.562,0.0,-6.562,0,0,0.0145587,1.0232753,DEFAULT__C,-1607.276,0.0,0.0,0.0
GOLD,30/03/2023,38,SF,2__DGESL000,0,0,0,0.0,5.731,0.0,-5.731,0,0,0.0070704,1.015787,DEFAULT__D,-690.035,0.0,0.0,0.0
GOLD,30/03/2023,38,SF,2__EGESL000,0,0,0,0.0,8.9,0.0,-8.9,0,0,0.0148608,1.0235774,DEFAULT__E,-1359.489,0.0,0.0,0.0
GOLD,30/03/2023,38,SF,2__FGESL000,0,0,0,0.0,6.178,0.0,-6.178,0,0,-0.0037297,1.0049869,DEFAULT__F,-773.061,0.0,0.0,0.0
GOLD,30/03/2023,38,SF,2__GGESL000,0,0,0,0.0,10.056,0.0,-10.056,0,0,0.0008159,1.0095325,DEFAULT__G,-1249.745,0.0,0.0,0.0
GOLD,30/03/2023,38,SF,2__HGESL000,0,0,0,0.0,11.673,0.0,-11.673,0,0,0.0122856,1.0210022,DEFAULT__H,-1909.105,0.0,0.0,0.0
GOLD,30/03/2023,38,SF,2__JGESL000,0,0,0,0.0,8.245,0.0,-8.245,0,0,0.0064211,1.0151377,DEFAULT__J,-1094.32,0.0,0.0,0.0
GOLD,30/03/2023,38,SF,2__KGESL000,0,0,0,0.0,2.418,0.0,-2.418,0,0,0.0073762,1.0160928,DEFAULT__K,-524.382,0.0,0.0,0.0
GOLD,30/03/2023,38,SF,2__LGESL000,0,0,0,0.0,4.316,0.0,-4.316,0,0,0.0125248,1.0212414,DEFAULT__L,-755.031,0.0,0.0,0.0
GOLD,30/03/2023,38,SF,2__MGESL000,0,0,0,0.0,9.653,0.0,-9.653,0,0,-0.0083696,1.000347,DEFAULT__M,-1075.563,0.0,0.0,0.0
GOLD,30/03/2023,38,SF,2__NGESL000,0,0,0,0.0,8.64,0.0,-8.64,0,0,-0.0042622,1.0044544,DEFAULT__N,-819.983,0.0,0.0,0.0
GOLD,30/03/2023,38,SF,2__PGESL000,0,0,0,0.0,1.262,0.0,-1.262,0,0,-0.0261238,0.9825928,DEFAULT__P,-139.904,0.0,0.0,0.0
GOLD,30/03/2023,39,SF,2__AGESL000,0,0,0,0.0,13.789,0.0,-13.789,0,0,0.002763,1.0115489,DEFAULT__A,-1810.157,0.0,0.0,0.0
GOLD,30/03/2023,39,SF,2__BGESL000,0,0,0,0.0,9.484,0.0,-9.484,0,0,0.0061409,1.0149268,DEFAULT__B,-1446.189,0.0,0.0,0.0
GOLD,30/03/2023,39,SF,2__CGESL000,0,0,0,0.0,6.931,0.0,-6.931,0,0,0.0145587,1.0233446,DEFAULT__C,-1614.355,0.0,0.0,0.0
GOLD,30/03/2023,39,SF,2__DGESL000,0,0,0,0.0,5.786,0.0,-5.786,0,0,0.0070704,1.0158563,DEFAULT__D,-693.642,0.0,0.0,0.0
GOLD,30/03/2023,39,SF,2__EGESL000,0,0,0,0.0,9.033,0.0,-9.033,0,0,0.0148608,1.0236467,DEFAULT__E,-1376.423,0.0,0.0,0.0
GOLD,30/03/2023,39,SF,2__FGESL000,0,0,0,0.0,6.249,0.0,-6.249,0,0,-0.0037297,1.0050562,DEFAULT__F,-772.023,0.0,0.0,0.0
GOLD,30/03/2023,39,SF,2__GGESL000,0,0,0,0.0,10.235,0.0,-10.235,0,0,0.0008159,1.0096018,DEFAULT__G,-1263.284,0.0,0.0,0.0
GOLD,30/03/2023,39,SF,2__HGESL000,0,0,0,0.0,11.95,0.0,-11.95,0,0,0.0122856,1.0210715,DEFAULT__H,-1915.084,0.0,0.0,0.0
GOLD,30/03/2023,39,SF,2__JGESL000,0,0,0,0.0,8.371,0.0,-8.371,0,0,0.0064211,1.015207,DEFAULT__J,-1137.385,0.0,0.0,0.0
GOLD,30/03/2023,39,SF,2__KGESL000,0,0,0,0.0,2.463,0.0,-2.463,0,0,0.0073762,1.0161621,DEFAULT__K,-519.684,0.0,0.0,0.0
GOLD,30/03/2023,39,SF,2__LGESL000,0,0,0,0.0,4.306,0.0,-4.306,0,0,0.0125248,1.0213107,DEFAULT__L,-745.056,0.0,0.0,0.0
GOLD,30/03/2023,39,SF,2__MGESL000,0,0,0,0.0,9.844,0.0,-9.844,0,0,-0.0083696,1.0004163,DEFAULT__M,-1059.408,0.0,0.0,0.0
GOLD,30/03/2023,39,SF,2__NGESL000,0,0,0,0.0,8.757,0.0,-8.757,0,0,-0.0042622,1.0045237,DEFAULT__N,-820.162,0.0,0.0,0.0
GOLD,30/03/2023,39,SF,2__PGESL000,0,0,0,0.0,1.24,0.0,-1.24,0,0,-0.0261238,0.9826621,DEFAULT__P,-141.951,0.0,0.0,0.0
GOLD,30/03/2023,40,SF,2__AGESL000,0,0,0,0.0,13.561,0.0,-13.561,0,0,0.002763,1.0107845,DEFAULT__A,-1767.981,0.0,0.0,0.0
GOLD,30/03/2023,40,SF,2__BGESL000,0,0,0,0.0,9.306,0.0,-9.306,0,0,0.0061409,1.0141624,DEFAULT__B,-1454.926,0.0,0.0,0.0
GOLD,30/03/2023,40,SF,2__CGESL000,0,0,0,0.0,6.793,0.0,-6.793,0,0,0.0145587,1.0225802,DEFAULT__C,-1588.256,0.0,0.0,0.0
GOLD,30/03/2023,40,SF,2__DGESL000,0,0,0,0.0,5.722,0.0,-5.722,0,0,0.0070704,1.0150919,DEFAULT__D,-716.08,0.0,0.0,0.0
GOLD,30/03/2023,40,SF,2__EGESL000,0,0,0,0.0,8.922,0.0,-8.922,0,0,0.0148608,1.0228823,DEFAULT__E,-1376.782,0.0,0.0,0.0
GOLD,30/03/2023,40,SF,2__FGESL000,0,0,0,0.0,6.208,0.0,-6.208,0,0,-0.0037297,1.0042918,DEFAULT__F,-776.326,0.0,0.0,0.0
GOLD,30/03/2023,40,SF,2__GGESL000,0,0,0,0.0,10.158,0.0,-10.158,0,0,0.0008159,1.0088374,DEFAULT__G,-1248.588,0.0,0.0,0.0
GOLD,30/03/2023,40,SF,2__HGESL000,0,0,0,0.0,11.707,0.0,-11.707,0,0,0.0122856,1.0203071,DEFAULT__H,-1896.518,0.0,0.0,0.0
GOLD,30/03/2023,40,SF,2__JGESL000,0,0,0,0.0,8.211,0.0,-8.211,0,0,0.0064211,1.0144426,DEFAULT__J,-1131.03,0.0,0.0,0.0
GOLD,30/03/2023,40,SF,2__KGESL000,0,0,0,0.0,2.434,0.0,-2.434,0,0,0.0073762,1.0153977,DEFAULT__K,-525.663,0.0,0.0,0.0
GOLD,30/03/2023,40,SF,2__LGESL000,0,0,0,0.0,4.162,0.0,-4.162,0,0,0.0125248,1.0205463,DEFAULT__L,-718.425,0.0,0.0,0.0
GOLD,30/03/2023,40,SF,2__MGESL000,0,0,0,0.0,9.782,0.0,-9.782,0,0,-0.0083696,0.9996519,DEFAULT__M,-1007.54,0.0,0.0,0.0
GOLD,30/03/2023,40,SF,2__NGESL000,0,0,0,0.0,8.769,0.0,-8.769,0,0,-0.0042622,1.0037593,DEFAULT__N,-824.763,0.0,0.0,0.0
GOLD,30/03/2023,40,SF,2__PGESL000,0,0,0,0.0,1.193,0.0,-1.193,0,0,-0.0261238,0.9818977,DEFAULT__P,-135.465,0.0,0.0,0.0
GOLD,30/03/2023,41,SF,2__AGESL000,0,0,0,0.0,13.031,0.0,-13.031,0,0,0.002763,1.0106588,DEFAULT__A,-1727.421,0.0,0.0,0.0
GOLD,30/03/2023,41,SF,2__BGESL000,0,0,0,0.0,9.068,0.0,-9.068,0,0,0.0061409,1.0140367,DEFAULT__B,-1383.306,0.0,0.0,0.0
GOLD,30/03/2023,41,SF,2__CGESL000,0,0,0,0.0,6.667,0.0,-6.667,0,0,0.0145587,1.0224545,DEFAULT__C,-1547.327,0.0,0.0,0.0
GOLD,30/03/2023,41,SF,2__DGESL000,0,0,0,0.0,5.6,0.0,-5.6,0,0,0.0070704,1.0149662,DEFAULT__D,-733.229,0.0,0.0,0.0
GOLD,30/03/2023,41,SF,2__EGESL000,0,0,0,0.0,8.639,0.0,-8.639,0,0,0.0148608,1.0227566,DEFAULT__E,-1352.186,0.0,0.0,0.0
GOLD,30/03/2023,41,SF,2__FGESL000,0,0,0,0.0,6.111,0.0,-6.111,0,0,-0.0037297,1.0041661,DEFAULT__F,-762.375,0.0,0.0,0.0
GOLD,30/03/2023,41,SF,2__GGESL000,0,0,0,0.0,9.835,0.0,-9.835,0,0,0.0008159,1.0087117,DEFAULT__G,-1224.077,0.0,0.0,0.0
GOLD,30/03/2023,41,SF,2__HGESL000,0,0,0,0.0,11.217,0.0,-11.217,0,0,0.0122856,1.0201814,DEFAULT__H,-1875.211,0.0,0.0,0.0
GOLD,30/03/2023,41,SF,2__JGESL000,0,0,0,0.0,7.922,0.0,-7.922,0,0,0.0064211,1.0143169,DEFAULT__J,-1099.145,0.0,0.0,0.0
GOLD,30/03/2023,41,SF,2__KGESL000,0,0,0,0.0,2.307,0.0,-2.307,0,0,0.0073762,1.015272,DEFAULT__K,-491.786,0.0,0.0,0.0
GOLD,30/03/2023,41,SF,2__LGESL000,0,0,0,0.0,3.95,0.0,-3.95,0,0,0.0125248,1.0204206,DEFAULT__L,-679.51,0.0,0.0,0.0
GOLD,30/03/2023,41,SF,2__MGESL000,0,0,0,0.0,9.544,0.0,-9.544,0,0,-0.0083696,0.9995262,DEFAULT__M,-1040.595,0.0,0.0,0.0
GOLD,30/03/2023,41,SF,2__NGESL000,0,0,0,0.0,8.641,0.0,-8.641,0,0,-0.0042622,1.0036336,DEFAULT__N,-817.966,0.0,0.0,0.0
GOLD,30/03/2023,41,SF,2__PGESL000,0,0,0,0.0,1.258,0.0,-1.258,0,0,-0.0261238,0.981772,DEFAULT__P,-151.241,0.0,0.0,0.0
GOLD,30/03/2023,42,SF,2__AGESL000,0,0,0,0.0,12.458,0.0,-12.458,0,0,0.002763,1.010522,DEFAULT__A,-1688.923,0.0,0.0,0.0
GOLD,30/03/2023,42,SF,2__BGESL000,0,0,0,0.0,8.709,0.0,-8.709,0,0,0.0061409,1.0138999,DEFAULT__B,-1288.276,0.0,0.0,0.0
GOLD,30/03/2023,42,SF,2__CGESL000,0,0,0,0.0,6.423,0.0,-6.423,0,0,0.0145587,1.0223177,DEFAULT__C,-1495.688,0.0,0.0,0.0
GOLD,30/03/2023,42,SF,2__DGESL000,0,0,0,0.0,5.393,0.0,-5.393,0,0,0.0070704,1.0148294,DEFAULT__D,-704.923,0.0,0.0,0.0
GOLD,30/03/2023,42,SF,2__EGESL000,0,0,0,0.0,8.31,0.0,-8.31,0,0,0.0148608,1.0226198,DEFAULT__E,-1316.386,0.0,0.0,0.0
GOLD,30/03/2023,42,SF,2__FGESL000,0,0,0,0.0,5.884,0.0,-5.884,0,0,-0.0037297,1.0040293,DEFAULT__F,-736.397,0.0,0.0,0.0
GOLD,30/03/2023,42,SF,2__GGESL000,0,0,0,0.0,9.639,0.0,-9.639,0,0,0.0008159,1.0085749,DEFAULT__G,-1212.624,0.0,0.0,0.0
GOLD,30/03/2023,42,SF,2__HGESL000,0,0,0,0.0,10.646,0.0,-10.646,0,0,0.0122856,1.0200446,DEFAULT__H,-1824.714,0.0,0.0,0.0
GOLD,30/03/2023,42,SF,2__JGESL000,0,0,0,0.0,7.508,0.0,-7.508,0,0,0.0064211,1.0141801,DEFAULT__J,-1059.975,0.0,0.0,0.0
GOLD,30/03/2023,42,SF,2__KGESL000,0,0,0,0.0,2.208,0.0,-2.208,0,0,0.0073762,1.0151352,DEFAULT__K,-451.418,0.0,0.0,0.0
GOLD,30/03/2023,42,SF,2__LGESL000,0,0,0,0.0,3.75,0.0,-3.75,0,0,0.0125248,1.0202838,DEFAULT__L,-641.477,0.0,0.0,0.0
GOLD,30/03/2023,42,SF,2__MGESL000,0,0,0,0.0,9.112,0.0,-9.112,0,0,-0.0083696,0.9993894,DEFAULT__M,-1042.69,0.0,0.0,0.0
GOLD,30/03/2023,42,SF,2__NGESL000,0,0,0,0.0,8.445,0.0,-8.445,0,0,-0.0042622,1.0034968,DEFAULT__N,-806.518,0.0,0.0,0.0
GOLD,30/03/2023,42,SF,2__PGESL000,0,0,0,0.0,1.207,0.0,-1.207,0,0,-0.0261238,0.9816352,DEFAULT__P,-148.606,0.0,0.0,0.0
GOLD,30/03/2023,43,SF,2__AGESL000,0,0,0,0.0,11.87,0.0,-11.87,0,0,0.002763,1.0109054,DEFAULT__A,-1668.84,0.0,0.0,0.0
GOLD,30/03/2023,43,SF,2__BGESL000,0,0,0,0.0,8.242,0.0,-8.242,0,0,0.0061409,1.0142833,DEFAULT__B,-1225.821,0.0,0.0,0.0
GOLD,30/03/2023,43,SF,2__CGESL000,0,0,0,0.0,6.167,0.0,-6.167,0,0,0.0145587,1.0227011,DEFAULT__C,-1444.059,0.0,0.0,0.0
GOLD,30/03/2023,43,SF,2__DGESL000,0,0,0,0.0,5.125,0.0,-5.125,0,0,0.0070704,1.0152128,DEFAULT__D,-684.243,0.0,0.0,0.0
GOLD,30/03/2023,43,SF,2__EGESL000,0,0,0,0.0,7.861,0.0,-7.861,0,0,0.0148608,1.0230032,DEFAULT__E,-1262.625,0.0,0.0,0.0
GOLD,30/03/2023,43,SF,2__FGESL000,0,0,0,0.0,5.534,0.0,-5.534,0,0,-0.0037297,1.0044127,DEFAULT__F,-739.968,0.0,0.0,0.0
GOLD,30/03/2023,43,SF,2__GGESL000,0,0,0,0.0,9.097,0.0,-9.097,0,0,0.0008159,1.0089583,DEFAULT__G,-1191.509,0.0,0.0,0.0
GOLD,30/03/2023,43,SF,2__HGESL000,0,0,0,0.0,10.092,0.0,-10.092,0,0,0.0122856,1.020428,DEFAULT__H,-1751.922,0.0,0.0,0.0
GOLD,30/03/2023,43,SF,2__JGESL000,0,0,0,0.0,7.096,0.0,-7.096,0,0,0.0064211,1.0145635,DEFAULT__J,-1002.843,0.0,0.0,0.0
GOLD,30/03/2023,43,SF,2__KGESL000,0,0,0,0.0,2.077,0.0,-2.077,0,0,0.0073762,1.0155186,DEFAULT__K,-417.732,0.0,0.0,0.0
GOLD,30/03/2023,43,SF,2__LGESL000,0,0,0,0.0,3.534,0.0,-3.534,0,0,0.0125248,1.0206672,DEFAULT__L,-599.639,0.0,0.0,0.0
GOLD,30/03/2023,43,SF,2__MGESL000,0,0,0,0.0,8.612,0.0,-8.612,0,0,-0.0083696,0.9997728,DEFAULT__M,-1019.64,0.0,0.0,0.0
GOLD,30/03/2023,43,SF,2__NGESL000,0,0,0,0.0,7.996,0.0,-7.996,0,0,-0.0042622,1.0038802,DEFAULT__N,-803.918,0.0,0.0,0.0
GOLD,30/03/2023,43,SF,2__PGESL000,0,0,0,0.0,1.164,0.0,-1.164,0,0,-0.0261238,0.9820186,DEFAULT__P,-129.139,0.0,0.0,0.0
GOLD,30/03/2023,44,SF,2__AGESL000,0,0,0,0.0,11.085,0.0,-11.085,0,0,0.002763,1.0108807,DEFAULT__A,-1577.922,0.0,0.0,0.0
GOLD,30/03/2023,44,SF,2__BGESL000,0,0,0,0.0,7.656,0.0,-7.656,0,0,0.0061409,1.0142586,DEFAULT__B,-1162.631,0.0,0.0,0.0
GOLD,30/03/2023,44,SF,2__CGESL000,0,0,0,0.0,5.837,0.0,-5.837,0,0,0.0145587,1.0226764,DEFAULT__C,-1389.652,0.0,0.0,0.0
GOLD,30/03/2023,44,SF,2__DGESL000,0,0,0,0.0,4.714,0.0,-4.714,0,0,0.0070704,1.0151881,DEFAULT__D,-617.983,0.0,0.0,0.0
GOLD,30/03/2023,44,SF,2__EGESL000,0,0,0,0.0,7.246,0.0,-7.246,0,0,0.0148608,1.0229785,DEFAULT__E,-1202.413,0.0,0.0,0.0
GOLD,30/03/2023,44,SF,2__FGESL000,0,0,0,0.0,5.084,0.0,-5.084,0,0,-0.0037297,1.004388,DEFAULT__F,-705.238,0.0,0.0,0.0
GOLD,30/03/2023,44,SF,2__GGESL000,0,0,0,0.0,8.488,0.0,-8.488,0,0,0.0008159,1.0089336,DEFAULT__G,-1145.267,0.0,0.0,0.0
GOLD,30/03/2023,44,SF,2__HGESL000,0,0,0,0.0,9.364,0.0,-9.364,0,0,0.0122856,1.0204033,DEFAULT__H,-1672.342,0.0,0.0,0.0
GOLD,30/03/2023,44,SF,2__JGESL000,0,0,0,0.0,6.6,0.0,-6.6,0,0,0.0064211,1.0145388,DEFAULT__J,-930.619,0.0,0.0,0.0
GOLD,30/03/2023,44,SF,2__KGESL000,0,0,0,0.0,1.915,0.0,-1.915,0,0,0.0073762,1.0154939,DEFAULT__K,-385.291,0.0,0.0,0.0
GOLD,30/03/2023,44,SF,2__LGESL000,0,0,0,0.0,3.263,0.0,-3.263,0,0,0.0125248,1.0206425,DEFAULT__L,-553.277,0.0,0.0,0.0
GOLD,30/03/2023,44,SF,2__MGESL000,0,0,0,0.0,7.964,0.0,-7.964,0,0,-0.0083696,0.9997481,DEFAULT__M,-933.142,0.0,0.0,0.0
GOLD,30/03/2023,44,SF,2__NGESL000,0,0,0,0.0,7.415,0.0,-7.415,0,0,-0.0042622,1.0038555,DEFAULT__N,-753.378,0.0,0.0,0.0
GOLD,30/03/2023,44,SF,2__PGESL000,0,0,0,0.0,1.048,0.0,-1.048,0,0,-0.0261238,0.9819939,DEFAULT__P,-109.781,0.0,0.0,0.0
GOLD,30/03/2023,45,SF,2__AGESL000,0,0,0,0.0,10.232,0.0,-10.232,0,0,0.002763,1.0118516,DEFAULT__A,-1495.827,0.0,0.0,0.0
GOLD,30/03/2023,45,SF,2__BGESL000,0,0,0,0.0,7.022,0.0,-7.022,0,0,0.0061409,1.0152295,DEFAULT__B,-1140.981,0.0,0.0,0.0
GOLD,30/03/2023,45,SF,2__CGESL000,0,0,0,0.0,5.467,0.0,-5.467,0,0,0.0145587,1.0236473,DEFAULT__C,-1323.765,0.0,0.0,0.0
GOLD,30/03/2023,45,SF,2__DGESL000,0,0,0,0.0,4.326,0.0,-4.326,0,0,0.0070704,1.016159,DEFAULT__D,-563.085,0.0,0.0,0.0
GOLD,30/03/2023,45,SF,2__EGESL000,0,0,0,0.0,6.663,0.0,-6.663,0,0,0.0148608,1.0239494,DEFAULT__E,-1116.392,0.0,0.0,0.0
GOLD,30/03/2023,45,SF,2__FGESL000,0,0,0,0.0,4.639,0.0,-4.639,0,0,-0.0037297,1.0053589,DEFAULT__F,-659.647,0.0,0.0,0.0
GOLD,30/03/2023,45,SF,2__GGESL000,0,0,0,0.0,7.869,0.0,-7.869,0,0,0.0008159,1.0099045,DEFAULT__G,-1089.442,0.0,0.0,0.0
GOLD,30/03/2023,45,SF,2__HGESL000,0,0,0,0.0,8.637,0.0,-8.637,0,0,0.0122856,1.0213742,DEFAULT__H,-1591.391,0.0,0.0,0.0
GOLD,30/03/2023,45,SF,2__JGESL000,0,0,0,0.0,6.113,0.0,-6.113,0,0,0.0064211,1.0155097,DEFAULT__J,-859.527,0.0,0.0,0.0
GOLD,30/03/2023,45,SF,2__KGESL000,0,0,0,0.0,1.758,0.0,-1.758,0,0,0.0073762,1.0164648,DEFAULT__K,-344.919,0.0,0.0,0.0
GOLD,30/03/2023,45,SF,2__LGESL000,0,0,0,0.0,2.989,0.0,-2.989,0,0,0.0125248,1.0216134,DEFAULT__L,-530.62,0.0,0.0,0.0
GOLD,30/03/2023,45,SF,2__MGESL000,0,0,0,0.0,7.305,0.0,-7.305,0,0,-0.0083696,1.000719,DEFAULT__M,-855.58,0.0,0.0,0.0
GOLD,30/03/2023,45,SF,2__NGESL000,0,0,0,0.0,6.817,0.0,-6.817,0,0,-0.0042622,1.0048264,DEFAULT__N,-700.608,0.0,0.0,0.0
GOLD,30/03/2023,45,SF,2__PGESL000,0,0,0,0.0,0.991,0.0,-0.991,0,0,-0.0261238,0.9829648,DEFAULT__P,-116.229,0.0,0.0,0.0
GOLD,30/03/2023,46,SF,2__AGESL000,0,0,0,0.0,9.273,0.0,-9.273,0,0,0.002763,1.0138527,DEFAULT__A,-1417.896,0.0,0.0,0.0
GOLD,30/03/2023,46,SF,2__BGESL000,0,0,0,0.0,6.314,0.0,-6.314,0,0,0.0061409,1.0172306,DEFAULT__B,-1087.985,0.0,0.0,0.0
GOLD,30/03/2023,46,SF,2__CGESL000,0,0,0,0.0,5.063,0.0,-5.063,0,0,0.0145587,1.0256484,DEFAULT__C,-1268.065,0.0,0.0,0.0
GOLD,30/03/2023,46,SF,2__DGESL000,0,0,0,0.0,3.88,0.0,-3.88,0,0,0.0070704,1.0181601,DEFAULT__D,-534.417,0.0,0.0,0.0
GOLD,30/03/2023,46,SF,2__EGESL000,0,0,0,0.0,6.019,0.0,-6.019,0,0,0.0148608,1.0259505,DEFAULT__E,-1049.532,0.0,0.0,0.0
GOLD,30/03/2023,46,SF,2__FGESL000,0,0,0,0.0,4.152,0.0,-4.152,0,0,-0.0037297,1.00736,DEFAULT__F,-619.403,0.0,0.0,0.0
GOLD,30/03/2023,46,SF,2__GGESL000,0,0,0,0.0,7.342,0.0,-7.342,0,0,0.0008159,1.0119056,DEFAULT__G,-1057.624,0.0,0.0,0.0
GOLD,30/03/2023,46,SF,2__HGESL000,0,0,0,0.0,7.802,0.0,-7.802,0,0,0.0122856,1.0233753,DEFAULT__H,-1520.745,0.0,0.0,0.0
GOLD,30/03/2023,46,SF,2__JGESL000,0,0,0,0.0,5.528,0.0,-5.528,0,0,0.0064211,1.0175108,DEFAULT__J,-801.984,0.0,0.0,0.0
GOLD,30/03/2023,46,SF,2__KGESL000,0,0,0,0.0,1.577,0.0,-1.577,0,0,0.0073762,1.0184659,DEFAULT__K,-315.274,0.0,0.0,0.0
GOLD,30/03/2023,46,SF,2__LGESL000,0,0,0,0.0,2.701,0.0,-2.701,0,0,0.0125248,1.0236145,DEFAULT__L,-487.032,0.0,0.0,0.0
GOLD,30/03/2023,46,SF,2__MGESL000,0,0,0,0.0,6.601,0.0,-6.601,0,0,-0.0083696,1.0027201,DEFAULT__M,-786.951,0.0,0.0,0.0
GOLD,30/03/2023,46,SF,2__NGESL000,0,0,0,0.0,6.149,0.0,-6.149,0,0,-0.0042622,1.0068275,DEFAULT__N,-655.365,0.0,0.0,0.0
GOLD,30/03/2023,46,SF,2__PGESL000,0,0,0,0.0,0.905,0.0,-0.905,0,0,-0.0261238,0.9849659,DEFAULT__P,-104.195,0.0,0.0,0.0
GOLD,30/03/2023,47,SF,2__AGESL000,0,0,0,0.0,8.245,0.0,-8.245,0,0,0.002763,1.0163479,DEFAULT__A,-1267.294,0.0,0.0,0.0
GOLD,30/03/2023,47,SF,2__BGESL000,0,0,0,0.0,5.602,0.0,-5.602,0,0,0.0061409,1.0197258,DEFAULT__B,-1003.544,0.0,0.0,0.0
GOLD,30/03/2023,47,SF,2__CGESL000,0,0,0,0.0,4.518,0.0,-4.518,0,0,0.0145587,1.0281436,DEFAULT__C,-1192.165,0.0,0.0,0.0
GOLD,30/03/2023,47,SF,2__DGESL000,0,0,0,0.0,3.405,0.0,-3.405,0,0,0.0070704,1.0206553,DEFAULT__D,-480.684,0.0,0.0,0.0
GOLD,30/03/2023,47,SF,2__EGESL000,0,0,0,0.0,5.328,0.0,-5.328,0,0,0.0148608,1.0284457,DEFAULT__E,-981.858,0.0,0.0,0.0
GOLD,30/03/2023,47,SF,2__FGESL000,0,0,0,0.0,3.659,0.0,-3.659,0,0,-0.0037297,1.0098552,DEFAULT__F,-565.86,0.0,0.0,0.0
GOLD,30/03/2023,47,SF,2__GGESL000,0,0,0,0.0,6.571,0.0,-6.571,0,0,0.0008159,1.0144008,DEFAULT__G,-983.609,0.0,0.0,0.0
GOLD,30/03/2023,47,SF,2__HGESL000,0,0,0,0.0,6.91,0.0,-6.91,0,0,0.0122856,1.0258705,DEFAULT__H,-1414.716,0.0,0.0,0.0
GOLD,30/03/2023,47,SF,2__JGESL000,0,0,0,0.0,4.876,0.0,-4.876,0,0,0.0064211,1.020006,DEFAULT__J,-721.469,0.0,0.0,0.0
GOLD,30/03/2023,47,SF,2__KGESL000,0,0,0,0.0,1.388,0.0,-1.388,0,0,0.0073762,1.0209611,DEFAULT__K,-298.509,0.0,0.0,0.0
GOLD,30/03/2023,47,SF,2__LGESL000,0,0,0,0.0,2.436,0.0,-2.436,0,0,0.0125248,1.0261097,DEFAULT__L,-447.192,0.0,0.0,0.0
GOLD,30/03/2023,47,SF,2__MGESL000,0,0,0,0.0,5.864,0.0,-5.864,0,0,-0.0083696,1.0052153,DEFAULT__M,-734.906,0.0,0.0,0.0
GOLD,30/03/2023,47,SF,2__NGESL000,0,0,0,0.0,5.438,0.0,-5.438,0,0,-0.0042622,1.0093227,DEFAULT__N,-654.667,0.0,0.0,0.0
GOLD,30/03/2023,47,SF,2__PGESL000,0,0,0,0.0,0.779,0.0,-0.779,0,0,-0.0261238,0.9874611,DEFAULT__P,-69.386,0.0,0.0,0.0
GOLD,30/03/2023,48,SF,2__AGESL000,0,0,0,0.0,7.395,0.0,-7.395,0,0,0.002763,1.0164262,DEFAULT__A,-1167.12,0.0,0.0,0.0
GOLD,30/03/2023,48,SF,2__BGESL000,0,0,0,0.0,4.981,0.0,-4.981,0,0,0.0061409,1.0198041,DEFAULT__B,-941.826,0.0,0.0,0.0
GOLD,30/03/2023,48,SF,2__CGESL000,0,0,0,0.0,4.034,0.0,-4.034,0,0,0.0145587,1.0282219,DEFAULT__C,-1132.606,0.0,0.0,0.0
GOLD,30/03/2023,48,SF,2__DGESL000,0,0,0,0.0,3.018,0.0,-3.018,0,0,0.0070704,1.0207336,DEFAULT__D,-453.936,0.0,0.0,0.0
GOLD,30/03/2023,48,SF,2__EGESL000,0,0,0,0.0,4.734,0.0,-4.734,0,0,0.0148608,1.028524,DEFAULT__E,-923.148,0.0,0.0,0.0
GOLD,30/03/2023,48,SF,2__FGESL000,0,0,0,0.0,3.25,0.0,-3.25,0,0,-0.0037297,1.0099335,DEFAULT__F,-539.374,0.0,0.0,0.0
GOLD,30/03/2023,48,SF,2__GGESL000,0,0,0,0.0,5.924,0.0,-5.924,0,0,0.0008159,1.0144791,DEFAULT__G,-938.747,0.0,0.0,0.0
GOLD,30/03/2023,48,SF,2__HGESL000,0,0,0,0.0,6.133,0.0,-6.133,0,0,0.0122856,1.0259488,DEFAULT__H,-1347.816,0.0,0.0,0.0
GOLD,30/03/2023,48,SF,2__JGESL000,0,0,0,0.0,4.527,0.0,-4.527,0,0,0.0064211,1.0200843,DEFAULT__J,-702.065,0.0,0.0,0.0
GOLD,30/03/2023,48,SF,2__KGESL000,0,0,0,0.0,1.225,0.0,-1.225,0,0,0.0073762,1.0210394,DEFAULT__K,-278.68,0.0,0.0,0.0
GOLD,30/03/2023,48,SF,2__LGESL000,0,0,0,0.0,2.178,0.0,-2.178,0,0,0.0125248,1.026188,DEFAULT__L,-417.593,0.0,0.0,0.0
GOLD,30/03/2023,48,SF,2__MGESL000,0,0,0,0.0,5.233,0.0,-5.233,0,0,-0.0083696,1.0052936,DEFAULT__M,-705.997,0.0,0.0,0.0
GOLD,30/03/2023,48,SF,2__NGESL000,0,0,0,0.0,4.77,0.0,-4.77,0,0,-0.0042622,1.009401,DEFAULT__N,-619.659,0.0,0.0,0.0
GOLD,30/03/2023,48,SF,2__PGESL000,0,0,0,0.0,0.705,0.0,-0.705,0,0,-0.0261238,0.9875394,DEFAULT__P,-88.457,0.0,0.0,0.0
